deck,card_id,copies,sheet_num,row,col,grid,nickname_CN,type,ops,sr,effect_CN,face_img_file,back_img_file,face_url,note
DeckCustom#297d5c,11300,1,113,-1,-1,10x7,,,,,,httpssteamusercontentaakamaihdnetugc103667256294335711713EFDCECAF2A5123FABCFC871D490A8A849A4FBD3.png,httpssteamusercontentaakamaihdnetugc1658873339081189930362D7F843D1F892017A00B5C1FA9870477E1A5FA0.png,https://steamusercontent-a.akamaihd.net/ugc/10366725629433571171/3EFDCECAF2A5123FABCFC871D490A8A849A4FBD3/,
DeckCustom#297d5c,11301,1,113,0,0,10x7,,,,,,httpssteamusercontentaakamaihdnetugc103667256294335711713EFDCECAF2A5123FABCFC871D490A8A849A4FBD3.png,httpssteamusercontentaakamaihdnetugc1658873339081189930362D7F843D1F892017A00B5C1FA9870477E1A5FA0.png,https://steamusercontent-a.akamaihd.net/ugc/10366725629433571171/3EFDCECAF2A5123FABCFC871D490A8A849A4FBD3/,
DeckCustom#297d5c,11302,1,113,0,1,10x7,,,,,,httpssteamusercontentaakamaihdnetugc103667256294335711713EFDCECAF2A5123FABCFC871D490A8A849A4FBD3.png,httpssteamusercontentaakamaihdnetugc1658873339081189930362D7F843D1F892017A00B5C1FA9870477E1A5FA0.png,https://steamusercontent-a.akamaihd.net/ugc/10366725629433571171/3EFDCECAF2A5123FABCFC871D490A8A849A4FBD3/,
DeckCustom#297d5c,11303,1,113,0,2,10x7,,,,,,httpssteamusercontentaakamaihdnetugc103667256294335711713EFDCECAF2A5123FABCFC871D490A8A849A4FBD3.png,httpssteamusercontentaakamaihdnetugc1658873339081189930362D7F843D1F892017A00B5C1FA9870477E1A5FA0.png,https://steamusercontent-a.akamaihd.net/ugc/10366725629433571171/3EFDCECAF2A5123FABCFC871D490A8A849A4FBD3/,
DeckCustom#297d5c,11304,1,113,0,3,10x7,,,,,,httpssteamusercontentaakamaihdnetugc103667256294335711713EFDCECAF2A5123FABCFC871D490A8A849A4FBD3.png,httpssteamusercontentaakamaihdnetugc1658873339081189930362D7F843D1F892017A00B5C1FA9870477E1A5FA0.png,https://steamusercontent-a.akamaihd.net/ugc/10366725629433571171/3EFDCECAF2A5123FABCFC871D490A8A849A4FBD3/,
DeckCustom#297d5c,11305,1,113,0,4,10x7,,,,,,httpssteamusercontentaakamaihdnetugc103667256294335711713EFDCECAF2A5123FABCFC871D490A8A849A4FBD3.png,httpssteamusercontentaakamaihdnetugc1658873339081189930362D7F843D1F892017A00B5C1FA9870477E1A5FA0.png,https://steamusercontent-a.akamaihd.net/ugc/10366725629433571171/3EFDCECAF2A5123FABCFC871D490A8A849A4FBD3/,
DeckCustom#297d5c,11306,1,113,0,5,10x7,,,,,,httpssteamusercontentaakamaihdnetugc103667256294335711713EFDCECAF2A5123FABCFC871D490A8A849A4FBD3.png,httpssteamusercontentaakamaihdnetugc1658873339081189930362D7F843D1F892017A00B5C1FA9870477E1A5FA0.png,https://steamusercontent-a.akamaihd.net/ugc/10366725629433571171/3EFDCECAF2A5123FABCFC871D490A8A849A4FBD3/,
DeckCustom#297d5c,11307,1,113,0,6,10x7,,,,,,httpssteamusercontentaakamaihdnetugc103667256294335711713EFDCECAF2A5123FABCFC871D490A8A849A4FBD3.png,httpssteamusercontentaakamaihdnetugc1658873339081189930362D7F843D1F892017A00B5C1FA9870477E1A5FA0.png,https://steamusercontent-a.akamaihd.net/ugc/10366725629433571171/3EFDCECAF2A5123FABCFC871D490A8A849A4FBD3/,
DeckCustom#297d5c,11308,1,113,0,7,10x7,,,,,,httpssteamusercontentaakamaihdnetugc103667256294335711713EFDCECAF2A5123FABCFC871D490A8A849A4FBD3.png,httpssteamusercontentaakamaihdnetugc1658873339081189930362D7F843D1F892017A00B5C1FA9870477E1A5FA0.png,https://steamusercontent-a.akamaihd.net/ugc/10366725629433571171/3EFDCECAF2A5123FABCFC871D490A8A849A4FBD3/,
DeckCustom#297d5c,11309,1,113,0,8,10x7,,,,,,httpssteamusercontentaakamaihdnetugc103667256294335711713EFDCECAF2A5123FABCFC871D490A8A849A4FBD3.png,httpssteamusercontentaakamaihdnetugc1658873339081189930362D7F843D1F892017A00B5C1FA9870477E1A5FA0.png,https://steamusercontent-a.akamaihd.net/ugc/10366725629433571171/3EFDCECAF2A5123FABCFC871D490A8A849A4FBD3/,
DeckCustom#297d5c,11310,1,113,0,9,10x7,,,,,,httpssteamusercontentaakamaihdnetugc103667256294335711713EFDCECAF2A5123FABCFC871D490A8A849A4FBD3.png,httpssteamusercontentaakamaihdnetugc1658873339081189930362D7F843D1F892017A00B5C1FA9870477E1A5FA0.png,https://steamusercontent-a.akamaihd.net/ugc/10366725629433571171/3EFDCECAF2A5123FABCFC871D490A8A849A4FBD3/,
DeckCustom#297d5c,11311,1,113,1,0,10x7,,,,,,httpssteamusercontentaakamaihdnetugc103667256294335711713EFDCECAF2A5123FABCFC871D490A8A849A4FBD3.png,httpssteamusercontentaakamaihdnetugc1658873339081189930362D7F843D1F892017A00B5C1FA9870477E1A5FA0.png,https://steamusercontent-a.akamaihd.net/ugc/10366725629433571171/3EFDCECAF2A5123FABCFC871D490A8A849A4FBD3/,
DeckCustom#297d5c,11312,1,113,1,1,10x7,,,,,,httpssteamusercontentaakamaihdnetugc103667256294335711713EFDCECAF2A5123FABCFC871D490A8A849A4FBD3.png,httpssteamusercontentaakamaihdnetugc1658873339081189930362D7F843D1F892017A00B5C1FA9870477E1A5FA0.png,https://steamusercontent-a.akamaihd.net/ugc/10366725629433571171/3EFDCECAF2A5123FABCFC871D490A8A849A4FBD3/,
DeckCustom#297d5c,11313,1,113,1,2,10x7,,,,,,httpssteamusercontentaakamaihdnetugc103667256294335711713EFDCECAF2A5123FABCFC871D490A8A849A4FBD3.png,httpssteamusercontentaakamaihdnetugc1658873339081189930362D7F843D1F892017A00B5C1FA9870477E1A5FA0.png,https://steamusercontent-a.akamaihd.net/ugc/10366725629433571171/3EFDCECAF2A5123FABCFC871D490A8A849A4FBD3/,
DeckCustom#297d5c,11314,1,113,1,3,10x7,,,,,,httpssteamusercontentaakamaihdnetugc103667256294335711713EFDCECAF2A5123FABCFC871D490A8A849A4FBD3.png,httpssteamusercontentaakamaihdnetugc1658873339081189930362D7F843D1F892017A00B5C1FA9870477E1A5FA0.png,https://steamusercontent-a.akamaihd.net/ugc/10366725629433571171/3EFDCECAF2A5123FABCFC871D490A8A849A4FBD3/,
DeckCustom#297d5c,11315,1,113,1,4,10x7,,,,,,httpssteamusercontentaakamaihdnetugc103667256294335711713EFDCECAF2A5123FABCFC871D490A8A849A4FBD3.png,httpssteamusercontentaakamaihdnetugc1658873339081189930362D7F843D1F892017A00B5C1FA9870477E1A5FA0.png,https://steamusercontent-a.akamaihd.net/ugc/10366725629433571171/3EFDCECAF2A5123FABCFC871D490A8A849A4FBD3/,
DeckCustom#297d5c,11316,1,113,1,5,10x7,,,,,,httpssteamusercontentaakamaihdnetugc103667256294335711713EFDCECAF2A5123FABCFC871D490A8A849A4FBD3.png,httpssteamusercontentaakamaihdnetugc1658873339081189930362D7F843D1F892017A00B5C1FA9870477E1A5FA0.png,https://steamusercontent-a.akamaihd.net/ugc/10366725629433571171/3EFDCECAF2A5123FABCFC871D490A8A849A4FBD3/,
DeckCustom#297d5c,11317,1,113,1,6,10x7,,,,,,httpssteamusercontentaakamaihdnetugc103667256294335711713EFDCECAF2A5123FABCFC871D490A8A849A4FBD3.png,httpssteamusercontentaakamaihdnetugc1658873339081189930362D7F843D1F892017A00B5C1FA9870477E1A5FA0.png,https://steamusercontent-a.akamaihd.net/ugc/10366725629433571171/3EFDCECAF2A5123FABCFC871D490A8A849A4FBD3/,
Deck#f795f7,12500,1,125,-1,-1,10x7,,,,,,httpssteamusercontentaakamaihdnetugc92581183110781235982FC5A77409CD8D2B9BAA436D0CBABC1AF80D25E7.png,httpssteamusercontentaakamaihdnetugc1754285716724457375106457EC0D17D4EDC5C12BBD3330F215502313D99.png,https://steamusercontent-a.akamaihd.net/ugc/9258118311078123598/2FC5A77409CD8D2B9BAA436D0CBABC1AF80D25E7/,
Deck#f795f7,12501,1,125,0,0,10x7,,,,,,httpssteamusercontentaakamaihdnetugc92581183110781235982FC5A77409CD8D2B9BAA436D0CBABC1AF80D25E7.png,httpssteamusercontentaakamaihdnetugc1754285716724457375106457EC0D17D4EDC5C12BBD3330F215502313D99.png,https://steamusercontent-a.akamaihd.net/ugc/9258118311078123598/2FC5A77409CD8D2B9BAA436D0CBABC1AF80D25E7/,
Deck#f795f7,12502,1,125,0,1,10x7,,,,,,httpssteamusercontentaakamaihdnetugc92581183110781235982FC5A77409CD8D2B9BAA436D0CBABC1AF80D25E7.png,httpssteamusercontentaakamaihdnetugc1754285716724457375106457EC0D17D4EDC5C12BBD3330F215502313D99.png,https://steamusercontent-a.akamaihd.net/ugc/9258118311078123598/2FC5A77409CD8D2B9BAA436D0CBABC1AF80D25E7/,
Deck#f795f7,12503,1,125,0,2,10x7,,,,,,httpssteamusercontentaakamaihdnetugc92581183110781235982FC5A77409CD8D2B9BAA436D0CBABC1AF80D25E7.png,httpssteamusercontentaakamaihdnetugc1754285716724457375106457EC0D17D4EDC5C12BBD3330F215502313D99.png,https://steamusercontent-a.akamaihd.net/ugc/9258118311078123598/2FC5A77409CD8D2B9BAA436D0CBABC1AF80D25E7/,
Deck#f795f7,12504,1,125,0,3,10x7,,,,,,httpssteamusercontentaakamaihdnetugc92581183110781235982FC5A77409CD8D2B9BAA436D0CBABC1AF80D25E7.png,httpssteamusercontentaakamaihdnetugc1754285716724457375106457EC0D17D4EDC5C12BBD3330F215502313D99.png,https://steamusercontent-a.akamaihd.net/ugc/9258118311078123598/2FC5A77409CD8D2B9BAA436D0CBABC1AF80D25E7/,
Deck#ba4dee,14500,1,145,-1,-1,10x7,,,,,,httpssteamusercontentaakamaihdnetugc9988819456930573157E5475D2DEE9655F00DACFAA90AD508A83399816B.png,httpssteamusercontentaakamaihdnetugc966032948549511821579706F5440BE039382383ECA3B64296585B2B4C1.png,https://steamusercontent-a.akamaihd.net/ugc/9988819456930573157/E5475D2DEE9655F00DACFAA90AD508A83399816B/,
Deck#ba4dee,14501,1,145,0,0,10x7,,,,,,httpssteamusercontentaakamaihdnetugc9988819456930573157E5475D2DEE9655F00DACFAA90AD508A83399816B.png,httpssteamusercontentaakamaihdnetugc966032948549511821579706F5440BE039382383ECA3B64296585B2B4C1.png,https://steamusercontent-a.akamaihd.net/ugc/9988819456930573157/E5475D2DEE9655F00DACFAA90AD508A83399816B/,
Deck#ba4dee,14502,1,145,0,1,10x7,,,,,,httpssteamusercontentaakamaihdnetugc9988819456930573157E5475D2DEE9655F00DACFAA90AD508A83399816B.png,httpssteamusercontentaakamaihdnetugc966032948549511821579706F5440BE039382383ECA3B64296585B2B4C1.png,https://steamusercontent-a.akamaihd.net/ugc/9988819456930573157/E5475D2DEE9655F00DACFAA90AD508A83399816B/,
Deck#ba4dee,14503,1,145,0,2,10x7,,,,,,httpssteamusercontentaakamaihdnetugc9988819456930573157E5475D2DEE9655F00DACFAA90AD508A83399816B.png,httpssteamusercontentaakamaihdnetugc966032948549511821579706F5440BE039382383ECA3B64296585B2B4C1.png,https://steamusercontent-a.akamaihd.net/ugc/9988819456930573157/E5475D2DEE9655F00DACFAA90AD508A83399816B/,
DeckCustom#40407d,14900,1,149,-1,-1,10x7,,,,,,httpssteamusercontentaakamaihdnetugc1028444404347061480468264E7677CB571337E9F1C64C6C11B0F16E7237.png,httpssteamusercontentaakamaihdnetugc15102481530365419978378D018336879A08164219814CF1E44CDB18B0AC.png,https://steamusercontent-a.akamaihd.net/ugc/10284444043470614804/68264E7677CB571337E9F1C64C6C11B0F16E7237/,
DeckCustom#40407d,14901,1,149,0,0,10x7,,,,,,httpssteamusercontentaakamaihdnetugc1028444404347061480468264E7677CB571337E9F1C64C6C11B0F16E7237.png,httpssteamusercontentaakamaihdnetugc15102481530365419978378D018336879A08164219814CF1E44CDB18B0AC.png,https://steamusercontent-a.akamaihd.net/ugc/10284444043470614804/68264E7677CB571337E9F1C64C6C11B0F16E7237/,
DeckCustom#40407d,14902,1,149,0,1,10x7,,,,,,httpssteamusercontentaakamaihdnetugc1028444404347061480468264E7677CB571337E9F1C64C6C11B0F16E7237.png,httpssteamusercontentaakamaihdnetugc15102481530365419978378D018336879A08164219814CF1E44CDB18B0AC.png,https://steamusercontent-a.akamaihd.net/ugc/10284444043470614804/68264E7677CB571337E9F1C64C6C11B0F16E7237/,
DeckCustom#40407d,14903,1,149,0,2,10x7,,,,,,httpssteamusercontentaakamaihdnetugc1028444404347061480468264E7677CB571337E9F1C64C6C11B0F16E7237.png,httpssteamusercontentaakamaihdnetugc15102481530365419978378D018336879A08164219814CF1E44CDB18B0AC.png,https://steamusercontent-a.akamaihd.net/ugc/10284444043470614804/68264E7677CB571337E9F1C64C6C11B0F16E7237/,
DeckCustom#40407d,14904,1,149,0,3,10x7,,,,,,httpssteamusercontentaakamaihdnetugc1028444404347061480468264E7677CB571337E9F1C64C6C11B0F16E7237.png,httpssteamusercontentaakamaihdnetugc15102481530365419978378D018336879A08164219814CF1E44CDB18B0AC.png,https://steamusercontent-a.akamaihd.net/ugc/10284444043470614804/68264E7677CB571337E9F1C64C6C11B0F16E7237/,
DeckCustom#40407d,14905,1,149,0,4,10x7,,,,,,httpssteamusercontentaakamaihdnetugc1028444404347061480468264E7677CB571337E9F1C64C6C11B0F16E7237.png,httpssteamusercontentaakamaihdnetugc15102481530365419978378D018336879A08164219814CF1E44CDB18B0AC.png,https://steamusercontent-a.akamaihd.net/ugc/10284444043470614804/68264E7677CB571337E9F1C64C6C11B0F16E7237/,
DeckCustom#40407d,14906,1,149,0,5,10x7,,,,,,httpssteamusercontentaakamaihdnetugc1028444404347061480468264E7677CB571337E9F1C64C6C11B0F16E7237.png,httpssteamusercontentaakamaihdnetugc15102481530365419978378D018336879A08164219814CF1E44CDB18B0AC.png,https://steamusercontent-a.akamaihd.net/ugc/10284444043470614804/68264E7677CB571337E9F1C64C6C11B0F16E7237/,
DeckCustom#40407d,14907,1,149,0,6,10x7,,,,,,httpssteamusercontentaakamaihdnetugc1028444404347061480468264E7677CB571337E9F1C64C6C11B0F16E7237.png,httpssteamusercontentaakamaihdnetugc15102481530365419978378D018336879A08164219814CF1E44CDB18B0AC.png,https://steamusercontent-a.akamaihd.net/ugc/10284444043470614804/68264E7677CB571337E9F1C64C6C11B0F16E7237/,
DeckCustom#40407d,14908,1,149,0,7,10x7,,,,,,httpssteamusercontentaakamaihdnetugc1028444404347061480468264E7677CB571337E9F1C64C6C11B0F16E7237.png,httpssteamusercontentaakamaihdnetugc15102481530365419978378D018336879A08164219814CF1E44CDB18B0AC.png,https://steamusercontent-a.akamaihd.net/ugc/10284444043470614804/68264E7677CB571337E9F1C64C6C11B0F16E7237/,
DeckCustom#40407d,14909,1,149,0,8,10x7,,,,,,httpssteamusercontentaakamaihdnetugc1028444404347061480468264E7677CB571337E9F1C64C6C11B0F16E7237.png,httpssteamusercontentaakamaihdnetugc15102481530365419978378D018336879A08164219814CF1E44CDB18B0AC.png,https://steamusercontent-a.akamaihd.net/ugc/10284444043470614804/68264E7677CB571337E9F1C64C6C11B0F16E7237/,
DeckCustom#40407d,14910,1,149,0,9,10x7,,,,,,httpssteamusercontentaakamaihdnetugc1028444404347061480468264E7677CB571337E9F1C64C6C11B0F16E7237.png,httpssteamusercontentaakamaihdnetugc15102481530365419978378D018336879A08164219814CF1E44CDB18B0AC.png,https://steamusercontent-a.akamaihd.net/ugc/10284444043470614804/68264E7677CB571337E9F1C64C6C11B0F16E7237/,
DeckCustom#40407d,14911,1,149,1,0,10x7,,,,,,httpssteamusercontentaakamaihdnetugc1028444404347061480468264E7677CB571337E9F1C64C6C11B0F16E7237.png,httpssteamusercontentaakamaihdnetugc15102481530365419978378D018336879A08164219814CF1E44CDB18B0AC.png,https://steamusercontent-a.akamaihd.net/ugc/10284444043470614804/68264E7677CB571337E9F1C64C6C11B0F16E7237/,
DeckCustom#40407d,14912,1,149,1,1,10x7,,,,,,httpssteamusercontentaakamaihdnetugc1028444404347061480468264E7677CB571337E9F1C64C6C11B0F16E7237.png,httpssteamusercontentaakamaihdnetugc15102481530365419978378D018336879A08164219814CF1E44CDB18B0AC.png,https://steamusercontent-a.akamaihd.net/ugc/10284444043470614804/68264E7677CB571337E9F1C64C6C11B0F16E7237/,
DeckCustom#40407d,14913,1,149,1,2,10x7,,,,,,httpssteamusercontentaakamaihdnetugc1028444404347061480468264E7677CB571337E9F1C64C6C11B0F16E7237.png,httpssteamusercontentaakamaihdnetugc15102481530365419978378D018336879A08164219814CF1E44CDB18B0AC.png,https://steamusercontent-a.akamaihd.net/ugc/10284444043470614804/68264E7677CB571337E9F1C64C6C11B0F16E7237/,
DeckCustom#40407d,14914,1,149,1,3,10x7,,,,,,httpssteamusercontentaakamaihdnetugc1028444404347061480468264E7677CB571337E9F1C64C6C11B0F16E7237.png,httpssteamusercontentaakamaihdnetugc15102481530365419978378D018336879A08164219814CF1E44CDB18B0AC.png,https://steamusercontent-a.akamaihd.net/ugc/10284444043470614804/68264E7677CB571337E9F1C64C6C11B0F16E7237/,
DeckCustom#40407d,14915,1,149,1,4,10x7,,,,,,httpssteamusercontentaakamaihdnetugc1028444404347061480468264E7677CB571337E9F1C64C6C11B0F16E7237.png,httpssteamusercontentaakamaihdnetugc15102481530365419978378D018336879A08164219814CF1E44CDB18B0AC.png,https://steamusercontent-a.akamaihd.net/ugc/10284444043470614804/68264E7677CB571337E9F1C64C6C11B0F16E7237/,
DeckCustom#40407d,14916,1,149,1,5,10x7,,,,,,httpssteamusercontentaakamaihdnetugc1028444404347061480468264E7677CB571337E9F1C64C6C11B0F16E7237.png,httpssteamusercontentaakamaihdnetugc15102481530365419978378D018336879A08164219814CF1E44CDB18B0AC.png,https://steamusercontent-a.akamaihd.net/ugc/10284444043470614804/68264E7677CB571337E9F1C64C6C11B0F16E7237/,
DeckCustom#40407d,14917,1,149,1,6,10x7,,,,,,httpssteamusercontentaakamaihdnetugc1028444404347061480468264E7677CB571337E9F1C64C6C11B0F16E7237.png,httpssteamusercontentaakamaihdnetugc15102481530365419978378D018336879A08164219814CF1E44CDB18B0AC.png,https://steamusercontent-a.akamaihd.net/ugc/10284444043470614804/68264E7677CB571337E9F1C64C6C11B0F16E7237/,
DeckCustom#40407d,14918,1,149,1,7,10x7,,,,,,httpssteamusercontentaakamaihdnetugc1028444404347061480468264E7677CB571337E9F1C64C6C11B0F16E7237.png,httpssteamusercontentaakamaihdnetugc15102481530365419978378D018336879A08164219814CF1E44CDB18B0AC.png,https://steamusercontent-a.akamaihd.net/ugc/10284444043470614804/68264E7677CB571337E9F1C64C6C11B0F16E7237/,
DeckCustom#40407d,14919,1,149,1,8,10x7,,,,,,httpssteamusercontentaakamaihdnetugc1028444404347061480468264E7677CB571337E9F1C64C6C11B0F16E7237.png,httpssteamusercontentaakamaihdnetugc15102481530365419978378D018336879A08164219814CF1E44CDB18B0AC.png,https://steamusercontent-a.akamaihd.net/ugc/10284444043470614804/68264E7677CB571337E9F1C64C6C11B0F16E7237/,
DeckCustom#40407d,14920,1,149,1,9,10x7,,,,,,httpssteamusercontentaakamaihdnetugc1028444404347061480468264E7677CB571337E9F1C64C6C11B0F16E7237.png,httpssteamusercontentaakamaihdnetugc15102481530365419978378D018336879A08164219814CF1E44CDB18B0AC.png,https://steamusercontent-a.akamaihd.net/ugc/10284444043470614804/68264E7677CB571337E9F1C64C6C11B0F16E7237/,
DeckCustom#40407d,14921,1,149,2,0,10x7,,,,,,httpssteamusercontentaakamaihdnetugc1028444404347061480468264E7677CB571337E9F1C64C6C11B0F16E7237.png,httpssteamusercontentaakamaihdnetugc15102481530365419978378D018336879A08164219814CF1E44CDB18B0AC.png,https://steamusercontent-a.akamaihd.net/ugc/10284444043470614804/68264E7677CB571337E9F1C64C6C11B0F16E7237/,
DeckCustom#40407d,14922,1,149,2,1,10x7,,,,,,httpssteamusercontentaakamaihdnetugc1028444404347061480468264E7677CB571337E9F1C64C6C11B0F16E7237.png,httpssteamusercontentaakamaihdnetugc15102481530365419978378D018336879A08164219814CF1E44CDB18B0AC.png,https://steamusercontent-a.akamaihd.net/ugc/10284444043470614804/68264E7677CB571337E9F1C64C6C11B0F16E7237/,
DeckCustom#40407d,14923,1,149,2,2,10x7,,,,,,httpssteamusercontentaakamaihdnetugc1028444404347061480468264E7677CB571337E9F1C64C6C11B0F16E7237.png,httpssteamusercontentaakamaihdnetugc15102481530365419978378D018336879A08164219814CF1E44CDB18B0AC.png,https://steamusercontent-a.akamaihd.net/ugc/10284444043470614804/68264E7677CB571337E9F1C64C6C11B0F16E7237/,
DeckCustom#40407d,14924,1,149,2,3,10x7,,,,,,httpssteamusercontentaakamaihdnetugc1028444404347061480468264E7677CB571337E9F1C64C6C11B0F16E7237.png,httpssteamusercontentaakamaihdnetugc15102481530365419978378D018336879A08164219814CF1E44CDB18B0AC.png,https://steamusercontent-a.akamaihd.net/ugc/10284444043470614804/68264E7677CB571337E9F1C64C6C11B0F16E7237/,
DeckCustom#3751b3,15200,6,152,-1,-1,10x7,,,,,,httpssteamusercontentaakamaihdnetugc151072996687077751214CD79FA697A7AE138ED150E5E7DA44E0B5A06BA2.png,httpssteamusercontentaakamaihdnetugc966032948549511821579706F5440BE039382383ECA3B64296585B2B4C1.png,https://steamusercontent-a.akamaihd.net/ugc/15107299668707775121/4CD79FA697A7AE138ED150E5E7DA44E0B5A06BA2/,
DeckCustom#3751b3,15201,8,152,0,0,10x7,,,,,,httpssteamusercontentaakamaihdnetugc151072996687077751214CD79FA697A7AE138ED150E5E7DA44E0B5A06BA2.png,httpssteamusercontentaakamaihdnetugc966032948549511821579706F5440BE039382383ECA3B64296585B2B4C1.png,https://steamusercontent-a.akamaihd.net/ugc/15107299668707775121/4CD79FA697A7AE138ED150E5E7DA44E0B5A06BA2/,
DeckCustom#3751b3,15202,2,152,0,1,10x7,,,,,,httpssteamusercontentaakamaihdnetugc151072996687077751214CD79FA697A7AE138ED150E5E7DA44E0B5A06BA2.png,httpssteamusercontentaakamaihdnetugc966032948549511821579706F5440BE039382383ECA3B64296585B2B4C1.png,https://steamusercontent-a.akamaihd.net/ugc/15107299668707775121/4CD79FA697A7AE138ED150E5E7DA44E0B5A06BA2/,
DeckCustom#3751b3,15203,2,152,0,2,10x7,,,,,,httpssteamusercontentaakamaihdnetugc151072996687077751214CD79FA697A7AE138ED150E5E7DA44E0B5A06BA2.png,httpssteamusercontentaakamaihdnetugc966032948549511821579706F5440BE039382383ECA3B64296585B2B4C1.png,https://steamusercontent-a.akamaihd.net/ugc/15107299668707775121/4CD79FA697A7AE138ED150E5E7DA44E0B5A06BA2/,
DeckCustom#3751b3,15204,5,152,0,3,10x7,,,,,,httpssteamusercontentaakamaihdnetugc151072996687077751214CD79FA697A7AE138ED150E5E7DA44E0B5A06BA2.png,httpssteamusercontentaakamaihdnetugc966032948549511821579706F5440BE039382383ECA3B64296585B2B4C1.png,https://steamusercontent-a.akamaihd.net/ugc/15107299668707775121/4CD79FA697A7AE138ED150E5E7DA44E0B5A06BA2/,
DeckCustom#3751b3,15205,1,152,0,4,10x7,,,,,,httpssteamusercontentaakamaihdnetugc151072996687077751214CD79FA697A7AE138ED150E5E7DA44E0B5A06BA2.png,httpssteamusercontentaakamaihdnetugc966032948549511821579706F5440BE039382383ECA3B64296585B2B4C1.png,https://steamusercontent-a.akamaihd.net/ugc/15107299668707775121/4CD79FA697A7AE138ED150E5E7DA44E0B5A06BA2/,
DeckCustom#3751b3,15206,1,152,0,5,10x7,,,,,,httpssteamusercontentaakamaihdnetugc151072996687077751214CD79FA697A7AE138ED150E5E7DA44E0B5A06BA2.png,httpssteamusercontentaakamaihdnetugc966032948549511821579706F5440BE039382383ECA3B64296585B2B4C1.png,https://steamusercontent-a.akamaihd.net/ugc/15107299668707775121/4CD79FA697A7AE138ED150E5E7DA44E0B5A06BA2/,
DeckCustom#3751b3,15207,1,152,0,6,10x7,,,,,,httpssteamusercontentaakamaihdnetugc151072996687077751214CD79FA697A7AE138ED150E5E7DA44E0B5A06BA2.png,httpssteamusercontentaakamaihdnetugc966032948549511821579706F5440BE039382383ECA3B64296585B2B4C1.png,https://steamusercontent-a.akamaihd.net/ugc/15107299668707775121/4CD79FA697A7AE138ED150E5E7DA44E0B5A06BA2/,
DeckCustom#3751b3,15208,1,152,0,7,10x7,,,,,,httpssteamusercontentaakamaihdnetugc151072996687077751214CD79FA697A7AE138ED150E5E7DA44E0B5A06BA2.png,httpssteamusercontentaakamaihdnetugc966032948549511821579706F5440BE039382383ECA3B64296585B2B4C1.png,https://steamusercontent-a.akamaihd.net/ugc/15107299668707775121/4CD79FA697A7AE138ED150E5E7DA44E0B5A06BA2/,
DeckCustom#3751b3,15209,1,152,0,8,10x7,,,,,,httpssteamusercontentaakamaihdnetugc151072996687077751214CD79FA697A7AE138ED150E5E7DA44E0B5A06BA2.png,httpssteamusercontentaakamaihdnetugc966032948549511821579706F5440BE039382383ECA3B64296585B2B4C1.png,https://steamusercontent-a.akamaihd.net/ugc/15107299668707775121/4CD79FA697A7AE138ED150E5E7DA44E0B5A06BA2/,
DeckCustom#3751b3,15210,1,152,0,9,10x7,,,,,,httpssteamusercontentaakamaihdnetugc151072996687077751214CD79FA697A7AE138ED150E5E7DA44E0B5A06BA2.png,httpssteamusercontentaakamaihdnetugc966032948549511821579706F5440BE039382383ECA3B64296585B2B4C1.png,https://steamusercontent-a.akamaihd.net/ugc/15107299668707775121/4CD79FA697A7AE138ED150E5E7DA44E0B5A06BA2/,
DeckCustom#3751b3,15211,1,152,1,0,10x7,,,,,,httpssteamusercontentaakamaihdnetugc151072996687077751214CD79FA697A7AE138ED150E5E7DA44E0B5A06BA2.png,httpssteamusercontentaakamaihdnetugc966032948549511821579706F5440BE039382383ECA3B64296585B2B4C1.png,https://steamusercontent-a.akamaihd.net/ugc/15107299668707775121/4CD79FA697A7AE138ED150E5E7DA44E0B5A06BA2/,
DeckCustom#3751b3,15212,1,152,1,1,10x7,,,,,,httpssteamusercontentaakamaihdnetugc151072996687077751214CD79FA697A7AE138ED150E5E7DA44E0B5A06BA2.png,httpssteamusercontentaakamaihdnetugc966032948549511821579706F5440BE039382383ECA3B64296585B2B4C1.png,https://steamusercontent-a.akamaihd.net/ugc/15107299668707775121/4CD79FA697A7AE138ED150E5E7DA44E0B5A06BA2/,
DeckCustom#3751b3,15213,1,152,1,2,10x7,,,,,,httpssteamusercontentaakamaihdnetugc151072996687077751214CD79FA697A7AE138ED150E5E7DA44E0B5A06BA2.png,httpssteamusercontentaakamaihdnetugc966032948549511821579706F5440BE039382383ECA3B64296585B2B4C1.png,https://steamusercontent-a.akamaihd.net/ugc/15107299668707775121/4CD79FA697A7AE138ED150E5E7DA44E0B5A06BA2/,
DeckCustom#3751b3,15214,1,152,1,3,10x7,,,,,,httpssteamusercontentaakamaihdnetugc151072996687077751214CD79FA697A7AE138ED150E5E7DA44E0B5A06BA2.png,httpssteamusercontentaakamaihdnetugc966032948549511821579706F5440BE039382383ECA3B64296585B2B4C1.png,https://steamusercontent-a.akamaihd.net/ugc/15107299668707775121/4CD79FA697A7AE138ED150E5E7DA44E0B5A06BA2/,
DeckCustom#3751b3,15215,1,152,1,4,10x7,,,,,,httpssteamusercontentaakamaihdnetugc151072996687077751214CD79FA697A7AE138ED150E5E7DA44E0B5A06BA2.png,httpssteamusercontentaakamaihdnetugc966032948549511821579706F5440BE039382383ECA3B64296585B2B4C1.png,https://steamusercontent-a.akamaihd.net/ugc/15107299668707775121/4CD79FA697A7AE138ED150E5E7DA44E0B5A06BA2/,
DeckCustom#3751b3,15216,1,152,1,5,10x7,,,,,,httpssteamusercontentaakamaihdnetugc151072996687077751214CD79FA697A7AE138ED150E5E7DA44E0B5A06BA2.png,httpssteamusercontentaakamaihdnetugc966032948549511821579706F5440BE039382383ECA3B64296585B2B4C1.png,https://steamusercontent-a.akamaihd.net/ugc/15107299668707775121/4CD79FA697A7AE138ED150E5E7DA44E0B5A06BA2/,
DeckCustom#3751b3,15217,1,152,1,6,10x7,,,,,,httpssteamusercontentaakamaihdnetugc151072996687077751214CD79FA697A7AE138ED150E5E7DA44E0B5A06BA2.png,httpssteamusercontentaakamaihdnetugc966032948549511821579706F5440BE039382383ECA3B64296585B2B4C1.png,https://steamusercontent-a.akamaihd.net/ugc/15107299668707775121/4CD79FA697A7AE138ED150E5E7DA44E0B5A06BA2/,
DeckCustom#3751b3,15218,1,152,1,7,10x7,,,,,,httpssteamusercontentaakamaihdnetugc151072996687077751214CD79FA697A7AE138ED150E5E7DA44E0B5A06BA2.png,httpssteamusercontentaakamaihdnetugc966032948549511821579706F5440BE039382383ECA3B64296585B2B4C1.png,https://steamusercontent-a.akamaihd.net/ugc/15107299668707775121/4CD79FA697A7AE138ED150E5E7DA44E0B5A06BA2/,
DeckCustom#3751b3,15219,1,152,1,8,10x7,,,,,,httpssteamusercontentaakamaihdnetugc151072996687077751214CD79FA697A7AE138ED150E5E7DA44E0B5A06BA2.png,httpssteamusercontentaakamaihdnetugc966032948549511821579706F5440BE039382383ECA3B64296585B2B4C1.png,https://steamusercontent-a.akamaihd.net/ugc/15107299668707775121/4CD79FA697A7AE138ED150E5E7DA44E0B5A06BA2/,
DeckCustom#3751b3,15220,1,152,1,9,10x7,,,,,,httpssteamusercontentaakamaihdnetugc151072996687077751214CD79FA697A7AE138ED150E5E7DA44E0B5A06BA2.png,httpssteamusercontentaakamaihdnetugc966032948549511821579706F5440BE039382383ECA3B64296585B2B4C1.png,https://steamusercontent-a.akamaihd.net/ugc/15107299668707775121/4CD79FA697A7AE138ED150E5E7DA44E0B5A06BA2/,
DeckCustom#3751b3,15221,1,152,2,0,10x7,,,,,,httpssteamusercontentaakamaihdnetugc151072996687077751214CD79FA697A7AE138ED150E5E7DA44E0B5A06BA2.png,httpssteamusercontentaakamaihdnetugc966032948549511821579706F5440BE039382383ECA3B64296585B2B4C1.png,https://steamusercontent-a.akamaihd.net/ugc/15107299668707775121/4CD79FA697A7AE138ED150E5E7DA44E0B5A06BA2/,
DeckCustom#3751b3,15222,1,152,2,1,10x7,,,,,,httpssteamusercontentaakamaihdnetugc151072996687077751214CD79FA697A7AE138ED150E5E7DA44E0B5A06BA2.png,httpssteamusercontentaakamaihdnetugc966032948549511821579706F5440BE039382383ECA3B64296585B2B4C1.png,https://steamusercontent-a.akamaihd.net/ugc/15107299668707775121/4CD79FA697A7AE138ED150E5E7DA44E0B5A06BA2/,
DeckCustom#3751b3,15223,1,152,2,2,10x7,,,,,,httpssteamusercontentaakamaihdnetugc151072996687077751214CD79FA697A7AE138ED150E5E7DA44E0B5A06BA2.png,httpssteamusercontentaakamaihdnetugc966032948549511821579706F5440BE039382383ECA3B64296585B2B4C1.png,https://steamusercontent-a.akamaihd.net/ugc/15107299668707775121/4CD79FA697A7AE138ED150E5E7DA44E0B5A06BA2/,
DeckCustom#3751b3,15224,1,152,2,3,10x7,,,,,,httpssteamusercontentaakamaihdnetugc151072996687077751214CD79FA697A7AE138ED150E5E7DA44E0B5A06BA2.png,httpssteamusercontentaakamaihdnetugc966032948549511821579706F5440BE039382383ECA3B64296585B2B4C1.png,https://steamusercontent-a.akamaihd.net/ugc/15107299668707775121/4CD79FA697A7AE138ED150E5E7DA44E0B5A06BA2/,
DeckCustom#3751b3,15225,1,152,2,4,10x7,,,,,,httpssteamusercontentaakamaihdnetugc151072996687077751214CD79FA697A7AE138ED150E5E7DA44E0B5A06BA2.png,httpssteamusercontentaakamaihdnetugc966032948549511821579706F5440BE039382383ECA3B64296585B2B4C1.png,https://steamusercontent-a.akamaihd.net/ugc/15107299668707775121/4CD79FA697A7AE138ED150E5E7DA44E0B5A06BA2/,
DeckCustom#3751b3,15226,1,152,2,5,10x7,,,,,,httpssteamusercontentaakamaihdnetugc151072996687077751214CD79FA697A7AE138ED150E5E7DA44E0B5A06BA2.png,httpssteamusercontentaakamaihdnetugc966032948549511821579706F5440BE039382383ECA3B64296585B2B4C1.png,https://steamusercontent-a.akamaihd.net/ugc/15107299668707775121/4CD79FA697A7AE138ED150E5E7DA44E0B5A06BA2/,
DeckCustom#3751b3,15227,1,152,2,6,10x7,,,,,,httpssteamusercontentaakamaihdnetugc151072996687077751214CD79FA697A7AE138ED150E5E7DA44E0B5A06BA2.png,httpssteamusercontentaakamaihdnetugc966032948549511821579706F5440BE039382383ECA3B64296585B2B4C1.png,https://steamusercontent-a.akamaihd.net/ugc/15107299668707775121/4CD79FA697A7AE138ED150E5E7DA44E0B5A06BA2/,
DeckCustom#3751b3,15228,1,152,2,7,10x7,,,,,,httpssteamusercontentaakamaihdnetugc151072996687077751214CD79FA697A7AE138ED150E5E7DA44E0B5A06BA2.png,httpssteamusercontentaakamaihdnetugc966032948549511821579706F5440BE039382383ECA3B64296585B2B4C1.png,https://steamusercontent-a.akamaihd.net/ugc/15107299668707775121/4CD79FA697A7AE138ED150E5E7DA44E0B5A06BA2/,
Deck#b26f20,15228,1,152,2,7,10x7,,,,,,httpssteamusercontentaakamaihdnetugc151072996687077751214CD79FA697A7AE138ED150E5E7DA44E0B5A06BA2.png,httpssteamusercontentaakamaihdnetugc966032948549511821579706F5440BE039382383ECA3B64296585B2B4C1.png,https://steamusercontent-a.akamaihd.net/ugc/15107299668707775121/4CD79FA697A7AE138ED150E5E7DA44E0B5A06BA2/,
DeckCustom#3751b3,15229,1,152,2,8,10x7,,,,,,httpssteamusercontentaakamaihdnetugc151072996687077751214CD79FA697A7AE138ED150E5E7DA44E0B5A06BA2.png,httpssteamusercontentaakamaihdnetugc966032948549511821579706F5440BE039382383ECA3B64296585B2B4C1.png,https://steamusercontent-a.akamaihd.net/ugc/15107299668707775121/4CD79FA697A7AE138ED150E5E7DA44E0B5A06BA2/,
DeckCustom#3751b3,15230,1,152,2,9,10x7,,,,,,httpssteamusercontentaakamaihdnetugc151072996687077751214CD79FA697A7AE138ED150E5E7DA44E0B5A06BA2.png,httpssteamusercontentaakamaihdnetugc966032948549511821579706F5440BE039382383ECA3B64296585B2B4C1.png,https://steamusercontent-a.akamaihd.net/ugc/15107299668707775121/4CD79FA697A7AE138ED150E5E7DA44E0B5A06BA2/,
DeckCustom#3751b3,15231,1,152,3,0,10x7,,,,,,httpssteamusercontentaakamaihdnetugc151072996687077751214CD79FA697A7AE138ED150E5E7DA44E0B5A06BA2.png,httpssteamusercontentaakamaihdnetugc966032948549511821579706F5440BE039382383ECA3B64296585B2B4C1.png,https://steamusercontent-a.akamaihd.net/ugc/15107299668707775121/4CD79FA697A7AE138ED150E5E7DA44E0B5A06BA2/,
DeckCustom#3751b3,15232,1,152,3,1,10x7,,,,,,httpssteamusercontentaakamaihdnetugc151072996687077751214CD79FA697A7AE138ED150E5E7DA44E0B5A06BA2.png,httpssteamusercontentaakamaihdnetugc966032948549511821579706F5440BE039382383ECA3B64296585B2B4C1.png,https://steamusercontent-a.akamaihd.net/ugc/15107299668707775121/4CD79FA697A7AE138ED150E5E7DA44E0B5A06BA2/,
DeckCustom#3751b3,15233,1,152,3,2,10x7,,,,,,httpssteamusercontentaakamaihdnetugc151072996687077751214CD79FA697A7AE138ED150E5E7DA44E0B5A06BA2.png,httpssteamusercontentaakamaihdnetugc966032948549511821579706F5440BE039382383ECA3B64296585B2B4C1.png,https://steamusercontent-a.akamaihd.net/ugc/15107299668707775121/4CD79FA697A7AE138ED150E5E7DA44E0B5A06BA2/,
DeckCustom#3751b3,15234,1,152,3,3,10x7,,,,,,httpssteamusercontentaakamaihdnetugc151072996687077751214CD79FA697A7AE138ED150E5E7DA44E0B5A06BA2.png,httpssteamusercontentaakamaihdnetugc966032948549511821579706F5440BE039382383ECA3B64296585B2B4C1.png,https://steamusercontent-a.akamaihd.net/ugc/15107299668707775121/4CD79FA697A7AE138ED150E5E7DA44E0B5A06BA2/,
Deck#b26f20,15234,1,152,3,3,10x7,,,,,,httpssteamusercontentaakamaihdnetugc151072996687077751214CD79FA697A7AE138ED150E5E7DA44E0B5A06BA2.png,httpssteamusercontentaakamaihdnetugc966032948549511821579706F5440BE039382383ECA3B64296585B2B4C1.png,https://steamusercontent-a.akamaihd.net/ugc/15107299668707775121/4CD79FA697A7AE138ED150E5E7DA44E0B5A06BA2/,
DeckCustom#3751b3,15235,1,152,3,4,10x7,,,,,,httpssteamusercontentaakamaihdnetugc151072996687077751214CD79FA697A7AE138ED150E5E7DA44E0B5A06BA2.png,httpssteamusercontentaakamaihdnetugc966032948549511821579706F5440BE039382383ECA3B64296585B2B4C1.png,https://steamusercontent-a.akamaihd.net/ugc/15107299668707775121/4CD79FA697A7AE138ED150E5E7DA44E0B5A06BA2/,
DeckCustom#3751b3,15236,1,152,3,5,10x7,,,,,,httpssteamusercontentaakamaihdnetugc151072996687077751214CD79FA697A7AE138ED150E5E7DA44E0B5A06BA2.png,httpssteamusercontentaakamaihdnetugc966032948549511821579706F5440BE039382383ECA3B64296585B2B4C1.png,https://steamusercontent-a.akamaihd.net/ugc/15107299668707775121/4CD79FA697A7AE138ED150E5E7DA44E0B5A06BA2/,
DeckCustom#3751b3,15237,1,152,3,6,10x7,,,,,,httpssteamusercontentaakamaihdnetugc151072996687077751214CD79FA697A7AE138ED150E5E7DA44E0B5A06BA2.png,httpssteamusercontentaakamaihdnetugc966032948549511821579706F5440BE039382383ECA3B64296585B2B4C1.png,https://steamusercontent-a.akamaihd.net/ugc/15107299668707775121/4CD79FA697A7AE138ED150E5E7DA44E0B5A06BA2/,
DeckCustom#3751b3,15238,1,152,3,7,10x7,,,,,,httpssteamusercontentaakamaihdnetugc151072996687077751214CD79FA697A7AE138ED150E5E7DA44E0B5A06BA2.png,httpssteamusercontentaakamaihdnetugc966032948549511821579706F5440BE039382383ECA3B64296585B2B4C1.png,https://steamusercontent-a.akamaihd.net/ugc/15107299668707775121/4CD79FA697A7AE138ED150E5E7DA44E0B5A06BA2/,
DeckCustom#3751b3,15239,1,152,3,8,10x7,,,,,,httpssteamusercontentaakamaihdnetugc151072996687077751214CD79FA697A7AE138ED150E5E7DA44E0B5A06BA2.png,httpssteamusercontentaakamaihdnetugc966032948549511821579706F5440BE039382383ECA3B64296585B2B4C1.png,https://steamusercontent-a.akamaihd.net/ugc/15107299668707775121/4CD79FA697A7AE138ED150E5E7DA44E0B5A06BA2/,
DeckCustom#3751b3,15240,1,152,3,9,10x7,,,,,,httpssteamusercontentaakamaihdnetugc151072996687077751214CD79FA697A7AE138ED150E5E7DA44E0B5A06BA2.png,httpssteamusercontentaakamaihdnetugc966032948549511821579706F5440BE039382383ECA3B64296585B2B4C1.png,https://steamusercontent-a.akamaihd.net/ugc/15107299668707775121/4CD79FA697A7AE138ED150E5E7DA44E0B5A06BA2/,
DeckCustom#3751b3,15241,1,152,4,0,10x7,,,,,,httpssteamusercontentaakamaihdnetugc151072996687077751214CD79FA697A7AE138ED150E5E7DA44E0B5A06BA2.png,httpssteamusercontentaakamaihdnetugc966032948549511821579706F5440BE039382383ECA3B64296585B2B4C1.png,https://steamusercontent-a.akamaihd.net/ugc/15107299668707775121/4CD79FA697A7AE138ED150E5E7DA44E0B5A06BA2/,
DeckCustom#3751b3,15242,1,152,4,1,10x7,,,,,,httpssteamusercontentaakamaihdnetugc151072996687077751214CD79FA697A7AE138ED150E5E7DA44E0B5A06BA2.png,httpssteamusercontentaakamaihdnetugc966032948549511821579706F5440BE039382383ECA3B64296585B2B4C1.png,https://steamusercontent-a.akamaihd.net/ugc/15107299668707775121/4CD79FA697A7AE138ED150E5E7DA44E0B5A06BA2/,
DeckCustom#3751b3,15243,1,152,4,2,10x7,,,,,,httpssteamusercontentaakamaihdnetugc151072996687077751214CD79FA697A7AE138ED150E5E7DA44E0B5A06BA2.png,httpssteamusercontentaakamaihdnetugc966032948549511821579706F5440BE039382383ECA3B64296585B2B4C1.png,https://steamusercontent-a.akamaihd.net/ugc/15107299668707775121/4CD79FA697A7AE138ED150E5E7DA44E0B5A06BA2/,
DeckCustom#3751b3,15244,1,152,4,3,10x7,,,,,,httpssteamusercontentaakamaihdnetugc151072996687077751214CD79FA697A7AE138ED150E5E7DA44E0B5A06BA2.png,httpssteamusercontentaakamaihdnetugc966032948549511821579706F5440BE039382383ECA3B64296585B2B4C1.png,https://steamusercontent-a.akamaihd.net/ugc/15107299668707775121/4CD79FA697A7AE138ED150E5E7DA44E0B5A06BA2/,
DeckCustom#3751b3,15245,1,152,4,4,10x7,,,,,,httpssteamusercontentaakamaihdnetugc151072996687077751214CD79FA697A7AE138ED150E5E7DA44E0B5A06BA2.png,httpssteamusercontentaakamaihdnetugc966032948549511821579706F5440BE039382383ECA3B64296585B2B4C1.png,https://steamusercontent-a.akamaihd.net/ugc/15107299668707775121/4CD79FA697A7AE138ED150E5E7DA44E0B5A06BA2/,
DeckCustom#3751b3,15246,1,152,4,5,10x7,,,,,,httpssteamusercontentaakamaihdnetugc151072996687077751214CD79FA697A7AE138ED150E5E7DA44E0B5A06BA2.png,httpssteamusercontentaakamaihdnetugc966032948549511821579706F5440BE039382383ECA3B64296585B2B4C1.png,https://steamusercontent-a.akamaihd.net/ugc/15107299668707775121/4CD79FA697A7AE138ED150E5E7DA44E0B5A06BA2/,
DeckCustom#3751b3,15247,1,152,4,6,10x7,,,,,,httpssteamusercontentaakamaihdnetugc151072996687077751214CD79FA697A7AE138ED150E5E7DA44E0B5A06BA2.png,httpssteamusercontentaakamaihdnetugc966032948549511821579706F5440BE039382383ECA3B64296585B2B4C1.png,https://steamusercontent-a.akamaihd.net/ugc/15107299668707775121/4CD79FA697A7AE138ED150E5E7DA44E0B5A06BA2/,
DeckCustom#3751b3,15248,1,152,4,7,10x7,,,,,,httpssteamusercontentaakamaihdnetugc151072996687077751214CD79FA697A7AE138ED150E5E7DA44E0B5A06BA2.png,httpssteamusercontentaakamaihdnetugc966032948549511821579706F5440BE039382383ECA3B64296585B2B4C1.png,https://steamusercontent-a.akamaihd.net/ugc/15107299668707775121/4CD79FA697A7AE138ED150E5E7DA44E0B5A06BA2/,
DeckCustom#3751b3,15249,1,152,4,8,10x7,,,,,,httpssteamusercontentaakamaihdnetugc151072996687077751214CD79FA697A7AE138ED150E5E7DA44E0B5A06BA2.png,httpssteamusercontentaakamaihdnetugc966032948549511821579706F5440BE039382383ECA3B64296585B2B4C1.png,https://steamusercontent-a.akamaihd.net/ugc/15107299668707775121/4CD79FA697A7AE138ED150E5E7DA44E0B5A06BA2/,
DeckCustom#3751b3,15250,1,152,4,9,10x7,,,,,,httpssteamusercontentaakamaihdnetugc151072996687077751214CD79FA697A7AE138ED150E5E7DA44E0B5A06BA2.png,httpssteamusercontentaakamaihdnetugc966032948549511821579706F5440BE039382383ECA3B64296585B2B4C1.png,https://steamusercontent-a.akamaihd.net/ugc/15107299668707775121/4CD79FA697A7AE138ED150E5E7DA44E0B5A06BA2/,
DeckCustom#3751b3,15251,1,152,5,0,10x7,,,,,,httpssteamusercontentaakamaihdnetugc151072996687077751214CD79FA697A7AE138ED150E5E7DA44E0B5A06BA2.png,httpssteamusercontentaakamaihdnetugc966032948549511821579706F5440BE039382383ECA3B64296585B2B4C1.png,https://steamusercontent-a.akamaihd.net/ugc/15107299668707775121/4CD79FA697A7AE138ED150E5E7DA44E0B5A06BA2/,
DeckCustom#3751b3,15252,1,152,5,1,10x7,,,,,,httpssteamusercontentaakamaihdnetugc151072996687077751214CD79FA697A7AE138ED150E5E7DA44E0B5A06BA2.png,httpssteamusercontentaakamaihdnetugc966032948549511821579706F5440BE039382383ECA3B64296585B2B4C1.png,https://steamusercontent-a.akamaihd.net/ugc/15107299668707775121/4CD79FA697A7AE138ED150E5E7DA44E0B5A06BA2/,
DeckCustom#3751b3,15253,1,152,5,2,10x7,,,,,,httpssteamusercontentaakamaihdnetugc151072996687077751214CD79FA697A7AE138ED150E5E7DA44E0B5A06BA2.png,httpssteamusercontentaakamaihdnetugc966032948549511821579706F5440BE039382383ECA3B64296585B2B4C1.png,https://steamusercontent-a.akamaihd.net/ugc/15107299668707775121/4CD79FA697A7AE138ED150E5E7DA44E0B5A06BA2/,
DeckCustom#3751b3,15254,1,152,5,3,10x7,,,,,,httpssteamusercontentaakamaihdnetugc151072996687077751214CD79FA697A7AE138ED150E5E7DA44E0B5A06BA2.png,httpssteamusercontentaakamaihdnetugc966032948549511821579706F5440BE039382383ECA3B64296585B2B4C1.png,https://steamusercontent-a.akamaihd.net/ugc/15107299668707775121/4CD79FA697A7AE138ED150E5E7DA44E0B5A06BA2/,
DeckCustom#3751b3,15255,1,152,5,4,10x7,,,,,,httpssteamusercontentaakamaihdnetugc151072996687077751214CD79FA697A7AE138ED150E5E7DA44E0B5A06BA2.png,httpssteamusercontentaakamaihdnetugc966032948549511821579706F5440BE039382383ECA3B64296585B2B4C1.png,https://steamusercontent-a.akamaihd.net/ugc/15107299668707775121/4CD79FA697A7AE138ED150E5E7DA44E0B5A06BA2/,
DeckCustom#b76de4,15300,5,153,-1,-1,10x7,,,,,,httpssteamusercontentaakamaihdnetugc98771674456600334280021BFB65ED27DC09B2776CCEBCEAAC560C6DC1E.png,httpssteamusercontentaakamaihdnetugc1754285716724457375106457EC0D17D4EDC5C12BBD3330F215502313D99.png,https://steamusercontent-a.akamaihd.net/ugc/9877167445660033428/0021BFB65ED27DC09B2776CCEBCEAAC560C6DC1E/,
DeckCustom#b76de4,15301,4,153,0,0,10x7,,,,,,httpssteamusercontentaakamaihdnetugc98771674456600334280021BFB65ED27DC09B2776CCEBCEAAC560C6DC1E.png,httpssteamusercontentaakamaihdnetugc1754285716724457375106457EC0D17D4EDC5C12BBD3330F215502313D99.png,https://steamusercontent-a.akamaihd.net/ugc/9877167445660033428/0021BFB65ED27DC09B2776CCEBCEAAC560C6DC1E/,
DeckCustom#b76de4,15302,6,153,0,1,10x7,,,,,,httpssteamusercontentaakamaihdnetugc98771674456600334280021BFB65ED27DC09B2776CCEBCEAAC560C6DC1E.png,httpssteamusercontentaakamaihdnetugc1754285716724457375106457EC0D17D4EDC5C12BBD3330F215502313D99.png,https://steamusercontent-a.akamaihd.net/ugc/9877167445660033428/0021BFB65ED27DC09B2776CCEBCEAAC560C6DC1E/,
DeckCustom#b76de4,15303,5,153,0,2,10x7,,,,,,httpssteamusercontentaakamaihdnetugc98771674456600334280021BFB65ED27DC09B2776CCEBCEAAC560C6DC1E.png,httpssteamusercontentaakamaihdnetugc1754285716724457375106457EC0D17D4EDC5C12BBD3330F215502313D99.png,https://steamusercontent-a.akamaihd.net/ugc/9877167445660033428/0021BFB65ED27DC09B2776CCEBCEAAC560C6DC1E/,
DeckCustom#b76de4,15304,4,153,0,3,10x7,,,,,,httpssteamusercontentaakamaihdnetugc98771674456600334280021BFB65ED27DC09B2776CCEBCEAAC560C6DC1E.png,httpssteamusercontentaakamaihdnetugc1754285716724457375106457EC0D17D4EDC5C12BBD3330F215502313D99.png,https://steamusercontent-a.akamaihd.net/ugc/9877167445660033428/0021BFB65ED27DC09B2776CCEBCEAAC560C6DC1E/,
DeckCustom#b76de4,15305,1,153,0,4,10x7,,,,,,httpssteamusercontentaakamaihdnetugc98771674456600334280021BFB65ED27DC09B2776CCEBCEAAC560C6DC1E.png,httpssteamusercontentaakamaihdnetugc1754285716724457375106457EC0D17D4EDC5C12BBD3330F215502313D99.png,https://steamusercontent-a.akamaihd.net/ugc/9877167445660033428/0021BFB65ED27DC09B2776CCEBCEAAC560C6DC1E/,
DeckCustom#b76de4,15306,1,153,0,5,10x7,,,,,,httpssteamusercontentaakamaihdnetugc98771674456600334280021BFB65ED27DC09B2776CCEBCEAAC560C6DC1E.png,httpssteamusercontentaakamaihdnetugc1754285716724457375106457EC0D17D4EDC5C12BBD3330F215502313D99.png,https://steamusercontent-a.akamaihd.net/ugc/9877167445660033428/0021BFB65ED27DC09B2776CCEBCEAAC560C6DC1E/,
DeckCustom#b76de4,15307,1,153,0,6,10x7,,,,,,httpssteamusercontentaakamaihdnetugc98771674456600334280021BFB65ED27DC09B2776CCEBCEAAC560C6DC1E.png,httpssteamusercontentaakamaihdnetugc1754285716724457375106457EC0D17D4EDC5C12BBD3330F215502313D99.png,https://steamusercontent-a.akamaihd.net/ugc/9877167445660033428/0021BFB65ED27DC09B2776CCEBCEAAC560C6DC1E/,
DeckCustom#b76de4,15308,1,153,0,7,10x7,,,,,,httpssteamusercontentaakamaihdnetugc98771674456600334280021BFB65ED27DC09B2776CCEBCEAAC560C6DC1E.png,httpssteamusercontentaakamaihdnetugc1754285716724457375106457EC0D17D4EDC5C12BBD3330F215502313D99.png,https://steamusercontent-a.akamaihd.net/ugc/9877167445660033428/0021BFB65ED27DC09B2776CCEBCEAAC560C6DC1E/,
DeckCustom#b76de4,15309,1,153,0,8,10x7,,,,,,httpssteamusercontentaakamaihdnetugc98771674456600334280021BFB65ED27DC09B2776CCEBCEAAC560C6DC1E.png,httpssteamusercontentaakamaihdnetugc1754285716724457375106457EC0D17D4EDC5C12BBD3330F215502313D99.png,https://steamusercontent-a.akamaihd.net/ugc/9877167445660033428/0021BFB65ED27DC09B2776CCEBCEAAC560C6DC1E/,
DeckCustom#b76de4,15310,1,153,0,9,10x7,,,,,,httpssteamusercontentaakamaihdnetugc98771674456600334280021BFB65ED27DC09B2776CCEBCEAAC560C6DC1E.png,httpssteamusercontentaakamaihdnetugc1754285716724457375106457EC0D17D4EDC5C12BBD3330F215502313D99.png,https://steamusercontent-a.akamaihd.net/ugc/9877167445660033428/0021BFB65ED27DC09B2776CCEBCEAAC560C6DC1E/,
DeckCustom#b76de4,15311,1,153,1,0,10x7,,,,,,httpssteamusercontentaakamaihdnetugc98771674456600334280021BFB65ED27DC09B2776CCEBCEAAC560C6DC1E.png,httpssteamusercontentaakamaihdnetugc1754285716724457375106457EC0D17D4EDC5C12BBD3330F215502313D99.png,https://steamusercontent-a.akamaihd.net/ugc/9877167445660033428/0021BFB65ED27DC09B2776CCEBCEAAC560C6DC1E/,
DeckCustom#b76de4,15312,1,153,1,1,10x7,,,,,,httpssteamusercontentaakamaihdnetugc98771674456600334280021BFB65ED27DC09B2776CCEBCEAAC560C6DC1E.png,httpssteamusercontentaakamaihdnetugc1754285716724457375106457EC0D17D4EDC5C12BBD3330F215502313D99.png,https://steamusercontent-a.akamaihd.net/ugc/9877167445660033428/0021BFB65ED27DC09B2776CCEBCEAAC560C6DC1E/,
DeckCustom#b76de4,15313,1,153,1,2,10x7,,,,,,httpssteamusercontentaakamaihdnetugc98771674456600334280021BFB65ED27DC09B2776CCEBCEAAC560C6DC1E.png,httpssteamusercontentaakamaihdnetugc1754285716724457375106457EC0D17D4EDC5C12BBD3330F215502313D99.png,https://steamusercontent-a.akamaihd.net/ugc/9877167445660033428/0021BFB65ED27DC09B2776CCEBCEAAC560C6DC1E/,
DeckCustom#b76de4,15314,1,153,1,3,10x7,,,,,,httpssteamusercontentaakamaihdnetugc98771674456600334280021BFB65ED27DC09B2776CCEBCEAAC560C6DC1E.png,httpssteamusercontentaakamaihdnetugc1754285716724457375106457EC0D17D4EDC5C12BBD3330F215502313D99.png,https://steamusercontent-a.akamaihd.net/ugc/9877167445660033428/0021BFB65ED27DC09B2776CCEBCEAAC560C6DC1E/,
DeckCustom#b76de4,15315,1,153,1,4,10x7,,,,,,httpssteamusercontentaakamaihdnetugc98771674456600334280021BFB65ED27DC09B2776CCEBCEAAC560C6DC1E.png,httpssteamusercontentaakamaihdnetugc1754285716724457375106457EC0D17D4EDC5C12BBD3330F215502313D99.png,https://steamusercontent-a.akamaihd.net/ugc/9877167445660033428/0021BFB65ED27DC09B2776CCEBCEAAC560C6DC1E/,
DeckCustom#b76de4,15316,1,153,1,5,10x7,,,,,,httpssteamusercontentaakamaihdnetugc98771674456600334280021BFB65ED27DC09B2776CCEBCEAAC560C6DC1E.png,httpssteamusercontentaakamaihdnetugc1754285716724457375106457EC0D17D4EDC5C12BBD3330F215502313D99.png,https://steamusercontent-a.akamaihd.net/ugc/9877167445660033428/0021BFB65ED27DC09B2776CCEBCEAAC560C6DC1E/,
DeckCustom#b76de4,15317,1,153,1,6,10x7,,,,,,httpssteamusercontentaakamaihdnetugc98771674456600334280021BFB65ED27DC09B2776CCEBCEAAC560C6DC1E.png,httpssteamusercontentaakamaihdnetugc1754285716724457375106457EC0D17D4EDC5C12BBD3330F215502313D99.png,https://steamusercontent-a.akamaihd.net/ugc/9877167445660033428/0021BFB65ED27DC09B2776CCEBCEAAC560C6DC1E/,
DeckCustom#b76de4,15318,1,153,1,7,10x7,,,,,,httpssteamusercontentaakamaihdnetugc98771674456600334280021BFB65ED27DC09B2776CCEBCEAAC560C6DC1E.png,httpssteamusercontentaakamaihdnetugc1754285716724457375106457EC0D17D4EDC5C12BBD3330F215502313D99.png,https://steamusercontent-a.akamaihd.net/ugc/9877167445660033428/0021BFB65ED27DC09B2776CCEBCEAAC560C6DC1E/,
DeckCustom#b76de4,15319,1,153,1,8,10x7,,,,,,httpssteamusercontentaakamaihdnetugc98771674456600334280021BFB65ED27DC09B2776CCEBCEAAC560C6DC1E.png,httpssteamusercontentaakamaihdnetugc1754285716724457375106457EC0D17D4EDC5C12BBD3330F215502313D99.png,https://steamusercontent-a.akamaihd.net/ugc/9877167445660033428/0021BFB65ED27DC09B2776CCEBCEAAC560C6DC1E/,
DeckCustom#b76de4,15320,1,153,1,9,10x7,,,,,,httpssteamusercontentaakamaihdnetugc98771674456600334280021BFB65ED27DC09B2776CCEBCEAAC560C6DC1E.png,httpssteamusercontentaakamaihdnetugc1754285716724457375106457EC0D17D4EDC5C12BBD3330F215502313D99.png,https://steamusercontent-a.akamaihd.net/ugc/9877167445660033428/0021BFB65ED27DC09B2776CCEBCEAAC560C6DC1E/,
DeckCustom#b76de4,15321,1,153,2,0,10x7,,,,,,httpssteamusercontentaakamaihdnetugc98771674456600334280021BFB65ED27DC09B2776CCEBCEAAC560C6DC1E.png,httpssteamusercontentaakamaihdnetugc1754285716724457375106457EC0D17D4EDC5C12BBD3330F215502313D99.png,https://steamusercontent-a.akamaihd.net/ugc/9877167445660033428/0021BFB65ED27DC09B2776CCEBCEAAC560C6DC1E/,
DeckCustom#b76de4,15322,1,153,2,1,10x7,,,,,,httpssteamusercontentaakamaihdnetugc98771674456600334280021BFB65ED27DC09B2776CCEBCEAAC560C6DC1E.png,httpssteamusercontentaakamaihdnetugc1754285716724457375106457EC0D17D4EDC5C12BBD3330F215502313D99.png,https://steamusercontent-a.akamaihd.net/ugc/9877167445660033428/0021BFB65ED27DC09B2776CCEBCEAAC560C6DC1E/,
DeckCustom#b76de4,15323,1,153,2,2,10x7,,,,,,httpssteamusercontentaakamaihdnetugc98771674456600334280021BFB65ED27DC09B2776CCEBCEAAC560C6DC1E.png,httpssteamusercontentaakamaihdnetugc1754285716724457375106457EC0D17D4EDC5C12BBD3330F215502313D99.png,https://steamusercontent-a.akamaihd.net/ugc/9877167445660033428/0021BFB65ED27DC09B2776CCEBCEAAC560C6DC1E/,
DeckCustom#b76de4,15324,1,153,2,3,10x7,,,,,,httpssteamusercontentaakamaihdnetugc98771674456600334280021BFB65ED27DC09B2776CCEBCEAAC560C6DC1E.png,httpssteamusercontentaakamaihdnetugc1754285716724457375106457EC0D17D4EDC5C12BBD3330F215502313D99.png,https://steamusercontent-a.akamaihd.net/ugc/9877167445660033428/0021BFB65ED27DC09B2776CCEBCEAAC560C6DC1E/,
DeckCustom#b76de4,15325,1,153,2,4,10x7,,,,,,httpssteamusercontentaakamaihdnetugc98771674456600334280021BFB65ED27DC09B2776CCEBCEAAC560C6DC1E.png,httpssteamusercontentaakamaihdnetugc1754285716724457375106457EC0D17D4EDC5C12BBD3330F215502313D99.png,https://steamusercontent-a.akamaihd.net/ugc/9877167445660033428/0021BFB65ED27DC09B2776CCEBCEAAC560C6DC1E/,
DeckCustom#b76de4,15326,1,153,2,5,10x7,,,,,,httpssteamusercontentaakamaihdnetugc98771674456600334280021BFB65ED27DC09B2776CCEBCEAAC560C6DC1E.png,httpssteamusercontentaakamaihdnetugc1754285716724457375106457EC0D17D4EDC5C12BBD3330F215502313D99.png,https://steamusercontent-a.akamaihd.net/ugc/9877167445660033428/0021BFB65ED27DC09B2776CCEBCEAAC560C6DC1E/,
DeckCustom#b76de4,15327,1,153,2,6,10x7,,,,,,httpssteamusercontentaakamaihdnetugc98771674456600334280021BFB65ED27DC09B2776CCEBCEAAC560C6DC1E.png,httpssteamusercontentaakamaihdnetugc1754285716724457375106457EC0D17D4EDC5C12BBD3330F215502313D99.png,https://steamusercontent-a.akamaihd.net/ugc/9877167445660033428/0021BFB65ED27DC09B2776CCEBCEAAC560C6DC1E/,
DeckCustom#b76de4,15328,1,153,2,7,10x7,,,,,,httpssteamusercontentaakamaihdnetugc98771674456600334280021BFB65ED27DC09B2776CCEBCEAAC560C6DC1E.png,httpssteamusercontentaakamaihdnetugc1754285716724457375106457EC0D17D4EDC5C12BBD3330F215502313D99.png,https://steamusercontent-a.akamaihd.net/ugc/9877167445660033428/0021BFB65ED27DC09B2776CCEBCEAAC560C6DC1E/,
DeckCustom#b76de4,15329,1,153,2,8,10x7,,,,,,httpssteamusercontentaakamaihdnetugc98771674456600334280021BFB65ED27DC09B2776CCEBCEAAC560C6DC1E.png,httpssteamusercontentaakamaihdnetugc1754285716724457375106457EC0D17D4EDC5C12BBD3330F215502313D99.png,https://steamusercontent-a.akamaihd.net/ugc/9877167445660033428/0021BFB65ED27DC09B2776CCEBCEAAC560C6DC1E/,
DeckCustom#b76de4,15330,1,153,2,9,10x7,,,,,,httpssteamusercontentaakamaihdnetugc98771674456600334280021BFB65ED27DC09B2776CCEBCEAAC560C6DC1E.png,httpssteamusercontentaakamaihdnetugc1754285716724457375106457EC0D17D4EDC5C12BBD3330F215502313D99.png,https://steamusercontent-a.akamaihd.net/ugc/9877167445660033428/0021BFB65ED27DC09B2776CCEBCEAAC560C6DC1E/,
DeckCustom#b76de4,15331,1,153,3,0,10x7,,,,,,httpssteamusercontentaakamaihdnetugc98771674456600334280021BFB65ED27DC09B2776CCEBCEAAC560C6DC1E.png,httpssteamusercontentaakamaihdnetugc1754285716724457375106457EC0D17D4EDC5C12BBD3330F215502313D99.png,https://steamusercontent-a.akamaihd.net/ugc/9877167445660033428/0021BFB65ED27DC09B2776CCEBCEAAC560C6DC1E/,
DeckCustom#b76de4,15332,1,153,3,1,10x7,,,,,,httpssteamusercontentaakamaihdnetugc98771674456600334280021BFB65ED27DC09B2776CCEBCEAAC560C6DC1E.png,httpssteamusercontentaakamaihdnetugc1754285716724457375106457EC0D17D4EDC5C12BBD3330F215502313D99.png,https://steamusercontent-a.akamaihd.net/ugc/9877167445660033428/0021BFB65ED27DC09B2776CCEBCEAAC560C6DC1E/,
DeckCustom#b76de4,15333,1,153,3,2,10x7,,,,,,httpssteamusercontentaakamaihdnetugc98771674456600334280021BFB65ED27DC09B2776CCEBCEAAC560C6DC1E.png,httpssteamusercontentaakamaihdnetugc1754285716724457375106457EC0D17D4EDC5C12BBD3330F215502313D99.png,https://steamusercontent-a.akamaihd.net/ugc/9877167445660033428/0021BFB65ED27DC09B2776CCEBCEAAC560C6DC1E/,
DeckCustom#b76de4,15334,1,153,3,3,10x7,,,,,,httpssteamusercontentaakamaihdnetugc98771674456600334280021BFB65ED27DC09B2776CCEBCEAAC560C6DC1E.png,httpssteamusercontentaakamaihdnetugc1754285716724457375106457EC0D17D4EDC5C12BBD3330F215502313D99.png,https://steamusercontent-a.akamaihd.net/ugc/9877167445660033428/0021BFB65ED27DC09B2776CCEBCEAAC560C6DC1E/,
DeckCustom#b76de4,15335,1,153,3,4,10x7,,,,,,httpssteamusercontentaakamaihdnetugc98771674456600334280021BFB65ED27DC09B2776CCEBCEAAC560C6DC1E.png,httpssteamusercontentaakamaihdnetugc1754285716724457375106457EC0D17D4EDC5C12BBD3330F215502313D99.png,https://steamusercontent-a.akamaihd.net/ugc/9877167445660033428/0021BFB65ED27DC09B2776CCEBCEAAC560C6DC1E/,
DeckCustom#b76de4,15336,1,153,3,5,10x7,,,,,,httpssteamusercontentaakamaihdnetugc98771674456600334280021BFB65ED27DC09B2776CCEBCEAAC560C6DC1E.png,httpssteamusercontentaakamaihdnetugc1754285716724457375106457EC0D17D4EDC5C12BBD3330F215502313D99.png,https://steamusercontent-a.akamaihd.net/ugc/9877167445660033428/0021BFB65ED27DC09B2776CCEBCEAAC560C6DC1E/,
DeckCustom#b76de4,15337,1,153,3,6,10x7,,,,,,httpssteamusercontentaakamaihdnetugc98771674456600334280021BFB65ED27DC09B2776CCEBCEAAC560C6DC1E.png,httpssteamusercontentaakamaihdnetugc1754285716724457375106457EC0D17D4EDC5C12BBD3330F215502313D99.png,https://steamusercontent-a.akamaihd.net/ugc/9877167445660033428/0021BFB65ED27DC09B2776CCEBCEAAC560C6DC1E/,
DeckCustom#b76de4,15338,1,153,3,7,10x7,,,,,,httpssteamusercontentaakamaihdnetugc98771674456600334280021BFB65ED27DC09B2776CCEBCEAAC560C6DC1E.png,httpssteamusercontentaakamaihdnetugc1754285716724457375106457EC0D17D4EDC5C12BBD3330F215502313D99.png,https://steamusercontent-a.akamaihd.net/ugc/9877167445660033428/0021BFB65ED27DC09B2776CCEBCEAAC560C6DC1E/,
DeckCustom#b76de4,15339,1,153,3,8,10x7,,,,,,httpssteamusercontentaakamaihdnetugc98771674456600334280021BFB65ED27DC09B2776CCEBCEAAC560C6DC1E.png,httpssteamusercontentaakamaihdnetugc1754285716724457375106457EC0D17D4EDC5C12BBD3330F215502313D99.png,https://steamusercontent-a.akamaihd.net/ugc/9877167445660033428/0021BFB65ED27DC09B2776CCEBCEAAC560C6DC1E/,
DeckCustom#b76de4,15340,1,153,3,9,10x7,,,,,,httpssteamusercontentaakamaihdnetugc98771674456600334280021BFB65ED27DC09B2776CCEBCEAAC560C6DC1E.png,httpssteamusercontentaakamaihdnetugc1754285716724457375106457EC0D17D4EDC5C12BBD3330F215502313D99.png,https://steamusercontent-a.akamaihd.net/ugc/9877167445660033428/0021BFB65ED27DC09B2776CCEBCEAAC560C6DC1E/,
DeckCustom#b76de4,15341,1,153,4,0,10x7,,,,,,httpssteamusercontentaakamaihdnetugc98771674456600334280021BFB65ED27DC09B2776CCEBCEAAC560C6DC1E.png,httpssteamusercontentaakamaihdnetugc1754285716724457375106457EC0D17D4EDC5C12BBD3330F215502313D99.png,https://steamusercontent-a.akamaihd.net/ugc/9877167445660033428/0021BFB65ED27DC09B2776CCEBCEAAC560C6DC1E/,
DeckCustom#b76de4,15342,1,153,4,1,10x7,,,,,,httpssteamusercontentaakamaihdnetugc98771674456600334280021BFB65ED27DC09B2776CCEBCEAAC560C6DC1E.png,httpssteamusercontentaakamaihdnetugc1754285716724457375106457EC0D17D4EDC5C12BBD3330F215502313D99.png,https://steamusercontent-a.akamaihd.net/ugc/9877167445660033428/0021BFB65ED27DC09B2776CCEBCEAAC560C6DC1E/,
DeckCustom#b76de4,15343,1,153,4,2,10x7,,,,,,httpssteamusercontentaakamaihdnetugc98771674456600334280021BFB65ED27DC09B2776CCEBCEAAC560C6DC1E.png,httpssteamusercontentaakamaihdnetugc1754285716724457375106457EC0D17D4EDC5C12BBD3330F215502313D99.png,https://steamusercontent-a.akamaihd.net/ugc/9877167445660033428/0021BFB65ED27DC09B2776CCEBCEAAC560C6DC1E/,
DeckCustom#b76de4,15344,1,153,4,3,10x7,,,,,,httpssteamusercontentaakamaihdnetugc98771674456600334280021BFB65ED27DC09B2776CCEBCEAAC560C6DC1E.png,httpssteamusercontentaakamaihdnetugc1754285716724457375106457EC0D17D4EDC5C12BBD3330F215502313D99.png,https://steamusercontent-a.akamaihd.net/ugc/9877167445660033428/0021BFB65ED27DC09B2776CCEBCEAAC560C6DC1E/,
DeckCustom#b76de4,15345,1,153,4,4,10x7,,,,,,httpssteamusercontentaakamaihdnetugc98771674456600334280021BFB65ED27DC09B2776CCEBCEAAC560C6DC1E.png,httpssteamusercontentaakamaihdnetugc1754285716724457375106457EC0D17D4EDC5C12BBD3330F215502313D99.png,https://steamusercontent-a.akamaihd.net/ugc/9877167445660033428/0021BFB65ED27DC09B2776CCEBCEAAC560C6DC1E/,
DeckCustom#b76de4,15346,1,153,4,5,10x7,,,,,,httpssteamusercontentaakamaihdnetugc98771674456600334280021BFB65ED27DC09B2776CCEBCEAAC560C6DC1E.png,httpssteamusercontentaakamaihdnetugc1754285716724457375106457EC0D17D4EDC5C12BBD3330F215502313D99.png,https://steamusercontent-a.akamaihd.net/ugc/9877167445660033428/0021BFB65ED27DC09B2776CCEBCEAAC560C6DC1E/,
DeckCustom#b76de4,15347,1,153,4,6,10x7,,,,,,httpssteamusercontentaakamaihdnetugc98771674456600334280021BFB65ED27DC09B2776CCEBCEAAC560C6DC1E.png,httpssteamusercontentaakamaihdnetugc1754285716724457375106457EC0D17D4EDC5C12BBD3330F215502313D99.png,https://steamusercontent-a.akamaihd.net/ugc/9877167445660033428/0021BFB65ED27DC09B2776CCEBCEAAC560C6DC1E/,
DeckCustom#b76de4,15348,1,153,4,7,10x7,,,,,,httpssteamusercontentaakamaihdnetugc98771674456600334280021BFB65ED27DC09B2776CCEBCEAAC560C6DC1E.png,httpssteamusercontentaakamaihdnetugc1754285716724457375106457EC0D17D4EDC5C12BBD3330F215502313D99.png,https://steamusercontent-a.akamaihd.net/ugc/9877167445660033428/0021BFB65ED27DC09B2776CCEBCEAAC560C6DC1E/,
DeckCustom#b76de4,15349,1,153,4,8,10x7,,,,,,httpssteamusercontentaakamaihdnetugc98771674456600334280021BFB65ED27DC09B2776CCEBCEAAC560C6DC1E.png,httpssteamusercontentaakamaihdnetugc1754285716724457375106457EC0D17D4EDC5C12BBD3330F215502313D99.png,https://steamusercontent-a.akamaihd.net/ugc/9877167445660033428/0021BFB65ED27DC09B2776CCEBCEAAC560C6DC1E/,
DeckCustom#b76de4,15350,1,153,4,9,10x7,,,,,,httpssteamusercontentaakamaihdnetugc98771674456600334280021BFB65ED27DC09B2776CCEBCEAAC560C6DC1E.png,httpssteamusercontentaakamaihdnetugc1754285716724457375106457EC0D17D4EDC5C12BBD3330F215502313D99.png,https://steamusercontent-a.akamaihd.net/ugc/9877167445660033428/0021BFB65ED27DC09B2776CCEBCEAAC560C6DC1E/,
DeckCustom#b76de4,15351,1,153,5,0,10x7,,,,,,httpssteamusercontentaakamaihdnetugc98771674456600334280021BFB65ED27DC09B2776CCEBCEAAC560C6DC1E.png,httpssteamusercontentaakamaihdnetugc1754285716724457375106457EC0D17D4EDC5C12BBD3330F215502313D99.png,https://steamusercontent-a.akamaihd.net/ugc/9877167445660033428/0021BFB65ED27DC09B2776CCEBCEAAC560C6DC1E/,
DeckCustom#b76de4,15352,1,153,5,1,10x7,,,,,,httpssteamusercontentaakamaihdnetugc98771674456600334280021BFB65ED27DC09B2776CCEBCEAAC560C6DC1E.png,httpssteamusercontentaakamaihdnetugc1754285716724457375106457EC0D17D4EDC5C12BBD3330F215502313D99.png,https://steamusercontent-a.akamaihd.net/ugc/9877167445660033428/0021BFB65ED27DC09B2776CCEBCEAAC560C6DC1E/,
DeckCustom#4a816b,15400,4,154,-1,-1,10x7,,,,,,httpssteamusercontentaakamaihdnetugc17541927520195381536E18A48CD6C516DDFB5A36A9EBEFFA9479AAC3D86.png,httpssteamusercontentaakamaihdnetugc13257287814674214894A8B620529EAB9437DCF00B895F3368FF0AB2FBD6.png,https://steamusercontent-a.akamaihd.net/ugc/17541927520195381536/E18A48CD6C516DDFB5A36A9EBEFFA9479AAC3D86/,
DeckCustom#4a816b,15401,3,154,0,0,10x7,,,,,,httpssteamusercontentaakamaihdnetugc17541927520195381536E18A48CD6C516DDFB5A36A9EBEFFA9479AAC3D86.png,httpssteamusercontentaakamaihdnetugc13257287814674214894A8B620529EAB9437DCF00B895F3368FF0AB2FBD6.png,https://steamusercontent-a.akamaihd.net/ugc/17541927520195381536/E18A48CD6C516DDFB5A36A9EBEFFA9479AAC3D86/,
DeckCustom#4a816b,15402,6,154,0,1,10x7,,,,,,httpssteamusercontentaakamaihdnetugc17541927520195381536E18A48CD6C516DDFB5A36A9EBEFFA9479AAC3D86.png,httpssteamusercontentaakamaihdnetugc13257287814674214894A8B620529EAB9437DCF00B895F3368FF0AB2FBD6.png,https://steamusercontent-a.akamaihd.net/ugc/17541927520195381536/E18A48CD6C516DDFB5A36A9EBEFFA9479AAC3D86/,
DeckCustom#4a816b,15403,4,154,0,2,10x7,,,,,,httpssteamusercontentaakamaihdnetugc17541927520195381536E18A48CD6C516DDFB5A36A9EBEFFA9479AAC3D86.png,httpssteamusercontentaakamaihdnetugc13257287814674214894A8B620529EAB9437DCF00B895F3368FF0AB2FBD6.png,https://steamusercontent-a.akamaihd.net/ugc/17541927520195381536/E18A48CD6C516DDFB5A36A9EBEFFA9479AAC3D86/,
DeckCustom#4a816b,15404,5,154,0,3,10x7,,,,,,httpssteamusercontentaakamaihdnetugc17541927520195381536E18A48CD6C516DDFB5A36A9EBEFFA9479AAC3D86.png,httpssteamusercontentaakamaihdnetugc13257287814674214894A8B620529EAB9437DCF00B895F3368FF0AB2FBD6.png,https://steamusercontent-a.akamaihd.net/ugc/17541927520195381536/E18A48CD6C516DDFB5A36A9EBEFFA9479AAC3D86/,
DeckCustom#4a816b,15405,1,154,0,4,10x7,,,,,,httpssteamusercontentaakamaihdnetugc17541927520195381536E18A48CD6C516DDFB5A36A9EBEFFA9479AAC3D86.png,httpssteamusercontentaakamaihdnetugc13257287814674214894A8B620529EAB9437DCF00B895F3368FF0AB2FBD6.png,https://steamusercontent-a.akamaihd.net/ugc/17541927520195381536/E18A48CD6C516DDFB5A36A9EBEFFA9479AAC3D86/,
DeckCustom#4a816b,15406,1,154,0,5,10x7,,,,,,httpssteamusercontentaakamaihdnetugc17541927520195381536E18A48CD6C516DDFB5A36A9EBEFFA9479AAC3D86.png,httpssteamusercontentaakamaihdnetugc13257287814674214894A8B620529EAB9437DCF00B895F3368FF0AB2FBD6.png,https://steamusercontent-a.akamaihd.net/ugc/17541927520195381536/E18A48CD6C516DDFB5A36A9EBEFFA9479AAC3D86/,
DeckCustom#4a816b,15407,1,154,0,6,10x7,,,,,,httpssteamusercontentaakamaihdnetugc17541927520195381536E18A48CD6C516DDFB5A36A9EBEFFA9479AAC3D86.png,httpssteamusercontentaakamaihdnetugc13257287814674214894A8B620529EAB9437DCF00B895F3368FF0AB2FBD6.png,https://steamusercontent-a.akamaihd.net/ugc/17541927520195381536/E18A48CD6C516DDFB5A36A9EBEFFA9479AAC3D86/,
DeckCustom#4a816b,15408,1,154,0,7,10x7,,,,,,httpssteamusercontentaakamaihdnetugc17541927520195381536E18A48CD6C516DDFB5A36A9EBEFFA9479AAC3D86.png,httpssteamusercontentaakamaihdnetugc13257287814674214894A8B620529EAB9437DCF00B895F3368FF0AB2FBD6.png,https://steamusercontent-a.akamaihd.net/ugc/17541927520195381536/E18A48CD6C516DDFB5A36A9EBEFFA9479AAC3D86/,
DeckCustom#4a816b,15409,1,154,0,8,10x7,,,,,,httpssteamusercontentaakamaihdnetugc17541927520195381536E18A48CD6C516DDFB5A36A9EBEFFA9479AAC3D86.png,httpssteamusercontentaakamaihdnetugc13257287814674214894A8B620529EAB9437DCF00B895F3368FF0AB2FBD6.png,https://steamusercontent-a.akamaihd.net/ugc/17541927520195381536/E18A48CD6C516DDFB5A36A9EBEFFA9479AAC3D86/,
DeckCustom#4a816b,15410,1,154,0,9,10x7,,,,,,httpssteamusercontentaakamaihdnetugc17541927520195381536E18A48CD6C516DDFB5A36A9EBEFFA9479AAC3D86.png,httpssteamusercontentaakamaihdnetugc13257287814674214894A8B620529EAB9437DCF00B895F3368FF0AB2FBD6.png,https://steamusercontent-a.akamaihd.net/ugc/17541927520195381536/E18A48CD6C516DDFB5A36A9EBEFFA9479AAC3D86/,
DeckCustom#4a816b,15411,1,154,1,0,10x7,,,,,,httpssteamusercontentaakamaihdnetugc17541927520195381536E18A48CD6C516DDFB5A36A9EBEFFA9479AAC3D86.png,httpssteamusercontentaakamaihdnetugc13257287814674214894A8B620529EAB9437DCF00B895F3368FF0AB2FBD6.png,https://steamusercontent-a.akamaihd.net/ugc/17541927520195381536/E18A48CD6C516DDFB5A36A9EBEFFA9479AAC3D86/,
DeckCustom#4a816b,15412,1,154,1,1,10x7,,,,,,httpssteamusercontentaakamaihdnetugc17541927520195381536E18A48CD6C516DDFB5A36A9EBEFFA9479AAC3D86.png,httpssteamusercontentaakamaihdnetugc13257287814674214894A8B620529EAB9437DCF00B895F3368FF0AB2FBD6.png,https://steamusercontent-a.akamaihd.net/ugc/17541927520195381536/E18A48CD6C516DDFB5A36A9EBEFFA9479AAC3D86/,
DeckCustom#4a816b,15413,1,154,1,2,10x7,,,,,,httpssteamusercontentaakamaihdnetugc17541927520195381536E18A48CD6C516DDFB5A36A9EBEFFA9479AAC3D86.png,httpssteamusercontentaakamaihdnetugc13257287814674214894A8B620529EAB9437DCF00B895F3368FF0AB2FBD6.png,https://steamusercontent-a.akamaihd.net/ugc/17541927520195381536/E18A48CD6C516DDFB5A36A9EBEFFA9479AAC3D86/,
DeckCustom#4a816b,15414,1,154,1,3,10x7,,,,,,httpssteamusercontentaakamaihdnetugc17541927520195381536E18A48CD6C516DDFB5A36A9EBEFFA9479AAC3D86.png,httpssteamusercontentaakamaihdnetugc13257287814674214894A8B620529EAB9437DCF00B895F3368FF0AB2FBD6.png,https://steamusercontent-a.akamaihd.net/ugc/17541927520195381536/E18A48CD6C516DDFB5A36A9EBEFFA9479AAC3D86/,
DeckCustom#4a816b,15415,1,154,1,4,10x7,,,,,,httpssteamusercontentaakamaihdnetugc17541927520195381536E18A48CD6C516DDFB5A36A9EBEFFA9479AAC3D86.png,httpssteamusercontentaakamaihdnetugc13257287814674214894A8B620529EAB9437DCF00B895F3368FF0AB2FBD6.png,https://steamusercontent-a.akamaihd.net/ugc/17541927520195381536/E18A48CD6C516DDFB5A36A9EBEFFA9479AAC3D86/,
DeckCustom#4a816b,15416,1,154,1,5,10x7,,,,,,httpssteamusercontentaakamaihdnetugc17541927520195381536E18A48CD6C516DDFB5A36A9EBEFFA9479AAC3D86.png,httpssteamusercontentaakamaihdnetugc13257287814674214894A8B620529EAB9437DCF00B895F3368FF0AB2FBD6.png,https://steamusercontent-a.akamaihd.net/ugc/17541927520195381536/E18A48CD6C516DDFB5A36A9EBEFFA9479AAC3D86/,
DeckCustom#4a816b,15417,1,154,1,6,10x7,,,,,,httpssteamusercontentaakamaihdnetugc17541927520195381536E18A48CD6C516DDFB5A36A9EBEFFA9479AAC3D86.png,httpssteamusercontentaakamaihdnetugc13257287814674214894A8B620529EAB9437DCF00B895F3368FF0AB2FBD6.png,https://steamusercontent-a.akamaihd.net/ugc/17541927520195381536/E18A48CD6C516DDFB5A36A9EBEFFA9479AAC3D86/,
DeckCustom#4a816b,15418,1,154,1,7,10x7,,,,,,httpssteamusercontentaakamaihdnetugc17541927520195381536E18A48CD6C516DDFB5A36A9EBEFFA9479AAC3D86.png,httpssteamusercontentaakamaihdnetugc13257287814674214894A8B620529EAB9437DCF00B895F3368FF0AB2FBD6.png,https://steamusercontent-a.akamaihd.net/ugc/17541927520195381536/E18A48CD6C516DDFB5A36A9EBEFFA9479AAC3D86/,
DeckCustom#4a816b,15419,1,154,1,8,10x7,,,,,,httpssteamusercontentaakamaihdnetugc17541927520195381536E18A48CD6C516DDFB5A36A9EBEFFA9479AAC3D86.png,httpssteamusercontentaakamaihdnetugc13257287814674214894A8B620529EAB9437DCF00B895F3368FF0AB2FBD6.png,https://steamusercontent-a.akamaihd.net/ugc/17541927520195381536/E18A48CD6C516DDFB5A36A9EBEFFA9479AAC3D86/,
DeckCustom#4a816b,15420,1,154,1,9,10x7,,,,,,httpssteamusercontentaakamaihdnetugc17541927520195381536E18A48CD6C516DDFB5A36A9EBEFFA9479AAC3D86.png,httpssteamusercontentaakamaihdnetugc13257287814674214894A8B620529EAB9437DCF00B895F3368FF0AB2FBD6.png,https://steamusercontent-a.akamaihd.net/ugc/17541927520195381536/E18A48CD6C516DDFB5A36A9EBEFFA9479AAC3D86/,
DeckCustom#4a816b,15421,1,154,2,0,10x7,,,,,,httpssteamusercontentaakamaihdnetugc17541927520195381536E18A48CD6C516DDFB5A36A9EBEFFA9479AAC3D86.png,httpssteamusercontentaakamaihdnetugc13257287814674214894A8B620529EAB9437DCF00B895F3368FF0AB2FBD6.png,https://steamusercontent-a.akamaihd.net/ugc/17541927520195381536/E18A48CD6C516DDFB5A36A9EBEFFA9479AAC3D86/,
DeckCustom#4a816b,15422,1,154,2,1,10x7,,,,,,httpssteamusercontentaakamaihdnetugc17541927520195381536E18A48CD6C516DDFB5A36A9EBEFFA9479AAC3D86.png,httpssteamusercontentaakamaihdnetugc13257287814674214894A8B620529EAB9437DCF00B895F3368FF0AB2FBD6.png,https://steamusercontent-a.akamaihd.net/ugc/17541927520195381536/E18A48CD6C516DDFB5A36A9EBEFFA9479AAC3D86/,
DeckCustom#4a816b,15423,1,154,2,2,10x7,,,,,,httpssteamusercontentaakamaihdnetugc17541927520195381536E18A48CD6C516DDFB5A36A9EBEFFA9479AAC3D86.png,httpssteamusercontentaakamaihdnetugc13257287814674214894A8B620529EAB9437DCF00B895F3368FF0AB2FBD6.png,https://steamusercontent-a.akamaihd.net/ugc/17541927520195381536/E18A48CD6C516DDFB5A36A9EBEFFA9479AAC3D86/,
DeckCustom#4a816b,15424,1,154,2,3,10x7,,,,,,httpssteamusercontentaakamaihdnetugc17541927520195381536E18A48CD6C516DDFB5A36A9EBEFFA9479AAC3D86.png,httpssteamusercontentaakamaihdnetugc13257287814674214894A8B620529EAB9437DCF00B895F3368FF0AB2FBD6.png,https://steamusercontent-a.akamaihd.net/ugc/17541927520195381536/E18A48CD6C516DDFB5A36A9EBEFFA9479AAC3D86/,
DeckCustom#4a816b,15425,1,154,2,4,10x7,,,,,,httpssteamusercontentaakamaihdnetugc17541927520195381536E18A48CD6C516DDFB5A36A9EBEFFA9479AAC3D86.png,httpssteamusercontentaakamaihdnetugc13257287814674214894A8B620529EAB9437DCF00B895F3368FF0AB2FBD6.png,https://steamusercontent-a.akamaihd.net/ugc/17541927520195381536/E18A48CD6C516DDFB5A36A9EBEFFA9479AAC3D86/,
DeckCustom#4a816b,15426,1,154,2,5,10x7,,,,,,httpssteamusercontentaakamaihdnetugc17541927520195381536E18A48CD6C516DDFB5A36A9EBEFFA9479AAC3D86.png,httpssteamusercontentaakamaihdnetugc13257287814674214894A8B620529EAB9437DCF00B895F3368FF0AB2FBD6.png,https://steamusercontent-a.akamaihd.net/ugc/17541927520195381536/E18A48CD6C516DDFB5A36A9EBEFFA9479AAC3D86/,
DeckCustom#4a816b,15427,1,154,2,6,10x7,,,,,,httpssteamusercontentaakamaihdnetugc17541927520195381536E18A48CD6C516DDFB5A36A9EBEFFA9479AAC3D86.png,httpssteamusercontentaakamaihdnetugc13257287814674214894A8B620529EAB9437DCF00B895F3368FF0AB2FBD6.png,https://steamusercontent-a.akamaihd.net/ugc/17541927520195381536/E18A48CD6C516DDFB5A36A9EBEFFA9479AAC3D86/,
DeckCustom#4a816b,15428,1,154,2,7,10x7,,,,,,httpssteamusercontentaakamaihdnetugc17541927520195381536E18A48CD6C516DDFB5A36A9EBEFFA9479AAC3D86.png,httpssteamusercontentaakamaihdnetugc13257287814674214894A8B620529EAB9437DCF00B895F3368FF0AB2FBD6.png,https://steamusercontent-a.akamaihd.net/ugc/17541927520195381536/E18A48CD6C516DDFB5A36A9EBEFFA9479AAC3D86/,
Deck#2099ad,15429,1,154,2,8,10x7,,,,,,httpssteamusercontentaakamaihdnetugc17541927520195381536E18A48CD6C516DDFB5A36A9EBEFFA9479AAC3D86.png,httpssteamusercontentaakamaihdnetugc13257287814674214894A8B620529EAB9437DCF00B895F3368FF0AB2FBD6.png,https://steamusercontent-a.akamaihd.net/ugc/17541927520195381536/E18A48CD6C516DDFB5A36A9EBEFFA9479AAC3D86/,
DeckCustom#4a816b,15430,1,154,2,9,10x7,,,,,,httpssteamusercontentaakamaihdnetugc17541927520195381536E18A48CD6C516DDFB5A36A9EBEFFA9479AAC3D86.png,httpssteamusercontentaakamaihdnetugc13257287814674214894A8B620529EAB9437DCF00B895F3368FF0AB2FBD6.png,https://steamusercontent-a.akamaihd.net/ugc/17541927520195381536/E18A48CD6C516DDFB5A36A9EBEFFA9479AAC3D86/,
DeckCustom#4a816b,15431,1,154,3,0,10x7,,,,,,httpssteamusercontentaakamaihdnetugc17541927520195381536E18A48CD6C516DDFB5A36A9EBEFFA9479AAC3D86.png,httpssteamusercontentaakamaihdnetugc13257287814674214894A8B620529EAB9437DCF00B895F3368FF0AB2FBD6.png,https://steamusercontent-a.akamaihd.net/ugc/17541927520195381536/E18A48CD6C516DDFB5A36A9EBEFFA9479AAC3D86/,
DeckCustom#4a816b,15432,1,154,3,1,10x7,,,,,,httpssteamusercontentaakamaihdnetugc17541927520195381536E18A48CD6C516DDFB5A36A9EBEFFA9479AAC3D86.png,httpssteamusercontentaakamaihdnetugc13257287814674214894A8B620529EAB9437DCF00B895F3368FF0AB2FBD6.png,https://steamusercontent-a.akamaihd.net/ugc/17541927520195381536/E18A48CD6C516DDFB5A36A9EBEFFA9479AAC3D86/,
DeckCustom#4a816b,15433,1,154,3,2,10x7,,,,,,httpssteamusercontentaakamaihdnetugc17541927520195381536E18A48CD6C516DDFB5A36A9EBEFFA9479AAC3D86.png,httpssteamusercontentaakamaihdnetugc13257287814674214894A8B620529EAB9437DCF00B895F3368FF0AB2FBD6.png,https://steamusercontent-a.akamaihd.net/ugc/17541927520195381536/E18A48CD6C516DDFB5A36A9EBEFFA9479AAC3D86/,
Deck#2099ad,15434,1,154,3,3,10x7,,,,,,httpssteamusercontentaakamaihdnetugc17541927520195381536E18A48CD6C516DDFB5A36A9EBEFFA9479AAC3D86.png,httpssteamusercontentaakamaihdnetugc13257287814674214894A8B620529EAB9437DCF00B895F3368FF0AB2FBD6.png,https://steamusercontent-a.akamaihd.net/ugc/17541927520195381536/E18A48CD6C516DDFB5A36A9EBEFFA9479AAC3D86/,
DeckCustom#4a816b,15435,1,154,3,4,10x7,,,,,,httpssteamusercontentaakamaihdnetugc17541927520195381536E18A48CD6C516DDFB5A36A9EBEFFA9479AAC3D86.png,httpssteamusercontentaakamaihdnetugc13257287814674214894A8B620529EAB9437DCF00B895F3368FF0AB2FBD6.png,https://steamusercontent-a.akamaihd.net/ugc/17541927520195381536/E18A48CD6C516DDFB5A36A9EBEFFA9479AAC3D86/,
DeckCustom#4a816b,15436,1,154,3,5,10x7,,,,,,httpssteamusercontentaakamaihdnetugc17541927520195381536E18A48CD6C516DDFB5A36A9EBEFFA9479AAC3D86.png,httpssteamusercontentaakamaihdnetugc13257287814674214894A8B620529EAB9437DCF00B895F3368FF0AB2FBD6.png,https://steamusercontent-a.akamaihd.net/ugc/17541927520195381536/E18A48CD6C516DDFB5A36A9EBEFFA9479AAC3D86/,
DeckCustom#4a816b,15437,1,154,3,6,10x7,,,,,,httpssteamusercontentaakamaihdnetugc17541927520195381536E18A48CD6C516DDFB5A36A9EBEFFA9479AAC3D86.png,httpssteamusercontentaakamaihdnetugc13257287814674214894A8B620529EAB9437DCF00B895F3368FF0AB2FBD6.png,https://steamusercontent-a.akamaihd.net/ugc/17541927520195381536/E18A48CD6C516DDFB5A36A9EBEFFA9479AAC3D86/,
DeckCustom#4a816b,15438,1,154,3,7,10x7,,,,,,httpssteamusercontentaakamaihdnetugc17541927520195381536E18A48CD6C516DDFB5A36A9EBEFFA9479AAC3D86.png,httpssteamusercontentaakamaihdnetugc13257287814674214894A8B620529EAB9437DCF00B895F3368FF0AB2FBD6.png,https://steamusercontent-a.akamaihd.net/ugc/17541927520195381536/E18A48CD6C516DDFB5A36A9EBEFFA9479AAC3D86/,
DeckCustom#4a816b,15439,1,154,3,8,10x7,,,,,,httpssteamusercontentaakamaihdnetugc17541927520195381536E18A48CD6C516DDFB5A36A9EBEFFA9479AAC3D86.png,httpssteamusercontentaakamaihdnetugc13257287814674214894A8B620529EAB9437DCF00B895F3368FF0AB2FBD6.png,https://steamusercontent-a.akamaihd.net/ugc/17541927520195381536/E18A48CD6C516DDFB5A36A9EBEFFA9479AAC3D86/,
DeckCustom#4a816b,15440,1,154,3,9,10x7,,,,,,httpssteamusercontentaakamaihdnetugc17541927520195381536E18A48CD6C516DDFB5A36A9EBEFFA9479AAC3D86.png,httpssteamusercontentaakamaihdnetugc13257287814674214894A8B620529EAB9437DCF00B895F3368FF0AB2FBD6.png,https://steamusercontent-a.akamaihd.net/ugc/17541927520195381536/E18A48CD6C516DDFB5A36A9EBEFFA9479AAC3D86/,
DeckCustom#4a816b,15441,1,154,4,0,10x7,,,,,,httpssteamusercontentaakamaihdnetugc17541927520195381536E18A48CD6C516DDFB5A36A9EBEFFA9479AAC3D86.png,httpssteamusercontentaakamaihdnetugc13257287814674214894A8B620529EAB9437DCF00B895F3368FF0AB2FBD6.png,https://steamusercontent-a.akamaihd.net/ugc/17541927520195381536/E18A48CD6C516DDFB5A36A9EBEFFA9479AAC3D86/,
DeckCustom#4a816b,15442,1,154,4,1,10x7,,,,,,httpssteamusercontentaakamaihdnetugc17541927520195381536E18A48CD6C516DDFB5A36A9EBEFFA9479AAC3D86.png,httpssteamusercontentaakamaihdnetugc13257287814674214894A8B620529EAB9437DCF00B895F3368FF0AB2FBD6.png,https://steamusercontent-a.akamaihd.net/ugc/17541927520195381536/E18A48CD6C516DDFB5A36A9EBEFFA9479AAC3D86/,
DeckCustom#4a816b,15443,1,154,4,2,10x7,,,,,,httpssteamusercontentaakamaihdnetugc17541927520195381536E18A48CD6C516DDFB5A36A9EBEFFA9479AAC3D86.png,httpssteamusercontentaakamaihdnetugc13257287814674214894A8B620529EAB9437DCF00B895F3368FF0AB2FBD6.png,https://steamusercontent-a.akamaihd.net/ugc/17541927520195381536/E18A48CD6C516DDFB5A36A9EBEFFA9479AAC3D86/,
DeckCustom#4a816b,15444,1,154,4,3,10x7,,,,,,httpssteamusercontentaakamaihdnetugc17541927520195381536E18A48CD6C516DDFB5A36A9EBEFFA9479AAC3D86.png,httpssteamusercontentaakamaihdnetugc13257287814674214894A8B620529EAB9437DCF00B895F3368FF0AB2FBD6.png,https://steamusercontent-a.akamaihd.net/ugc/17541927520195381536/E18A48CD6C516DDFB5A36A9EBEFFA9479AAC3D86/,
DeckCustom#4a816b,15445,1,154,4,4,10x7,,,,,,httpssteamusercontentaakamaihdnetugc17541927520195381536E18A48CD6C516DDFB5A36A9EBEFFA9479AAC3D86.png,httpssteamusercontentaakamaihdnetugc13257287814674214894A8B620529EAB9437DCF00B895F3368FF0AB2FBD6.png,https://steamusercontent-a.akamaihd.net/ugc/17541927520195381536/E18A48CD6C516DDFB5A36A9EBEFFA9479AAC3D86/,
DeckCustom#4a816b,15446,1,154,4,5,10x7,,,,,,httpssteamusercontentaakamaihdnetugc17541927520195381536E18A48CD6C516DDFB5A36A9EBEFFA9479AAC3D86.png,httpssteamusercontentaakamaihdnetugc13257287814674214894A8B620529EAB9437DCF00B895F3368FF0AB2FBD6.png,https://steamusercontent-a.akamaihd.net/ugc/17541927520195381536/E18A48CD6C516DDFB5A36A9EBEFFA9479AAC3D86/,
DeckCustom#4a816b,15447,1,154,4,6,10x7,,,,,,httpssteamusercontentaakamaihdnetugc17541927520195381536E18A48CD6C516DDFB5A36A9EBEFFA9479AAC3D86.png,httpssteamusercontentaakamaihdnetugc13257287814674214894A8B620529EAB9437DCF00B895F3368FF0AB2FBD6.png,https://steamusercontent-a.akamaihd.net/ugc/17541927520195381536/E18A48CD6C516DDFB5A36A9EBEFFA9479AAC3D86/,
Deck#c68a2e,16200,1,162,-1,-1,10x7,,,,,,httpssteamusercontentaakamaihdnetugc1416055976469074798641A37ED4C320CCD1DA70FCD3BA8F665336E8E4AC.png,httpssteamusercontentaakamaihdnetugc1054492056078202853387A3947590FDC31D60754C09262C81542AF7372A.png,https://steamusercontent-a.akamaihd.net/ugc/14160559764690747986/41A37ED4C320CCD1DA70FCD3BA8F665336E8E4AC/,
Deck#c68a2e,16201,1,162,0,0,10x7,,,,,,httpssteamusercontentaakamaihdnetugc1416055976469074798641A37ED4C320CCD1DA70FCD3BA8F665336E8E4AC.png,httpssteamusercontentaakamaihdnetugc1054492056078202853387A3947590FDC31D60754C09262C81542AF7372A.png,https://steamusercontent-a.akamaihd.net/ugc/14160559764690747986/41A37ED4C320CCD1DA70FCD3BA8F665336E8E4AC/,
DeckCustom#5bbd22,16300,1,163,-1,-1,10x7,,,,,,httpssteamusercontentaakamaihdnetugc1204661746727137482650C6266E7D92870F3BB5D977BD4CA96A6CFC57C8.png,httpssteamusercontentaakamaihdnetugc1559606522943509716582CCF1FF9150BE2E968D998D892B3D40CB8F54EC.png,https://steamusercontent-a.akamaihd.net/ugc/12046617467271374826/50C6266E7D92870F3BB5D977BD4CA96A6CFC57C8/,
DeckCustom#5bbd22,16301,1,163,0,0,10x7,,,,,,httpssteamusercontentaakamaihdnetugc1204661746727137482650C6266E7D92870F3BB5D977BD4CA96A6CFC57C8.png,httpssteamusercontentaakamaihdnetugc1559606522943509716582CCF1FF9150BE2E968D998D892B3D40CB8F54EC.png,https://steamusercontent-a.akamaihd.net/ugc/12046617467271374826/50C6266E7D92870F3BB5D977BD4CA96A6CFC57C8/,
DeckCustom#5bbd22,16302,1,163,0,1,10x7,,,,,,httpssteamusercontentaakamaihdnetugc1204661746727137482650C6266E7D92870F3BB5D977BD4CA96A6CFC57C8.png,httpssteamusercontentaakamaihdnetugc1559606522943509716582CCF1FF9150BE2E968D998D892B3D40CB8F54EC.png,https://steamusercontent-a.akamaihd.net/ugc/12046617467271374826/50C6266E7D92870F3BB5D977BD4CA96A6CFC57C8/,
DeckCustom#5bbd22,16303,1,163,0,2,10x7,,,,,,httpssteamusercontentaakamaihdnetugc1204661746727137482650C6266E7D92870F3BB5D977BD4CA96A6CFC57C8.png,httpssteamusercontentaakamaihdnetugc1559606522943509716582CCF1FF9150BE2E968D998D892B3D40CB8F54EC.png,https://steamusercontent-a.akamaihd.net/ugc/12046617467271374826/50C6266E7D92870F3BB5D977BD4CA96A6CFC57C8/,
DeckCustom#5bbd22,16304,1,163,0,3,10x7,,,,,,httpssteamusercontentaakamaihdnetugc1204661746727137482650C6266E7D92870F3BB5D977BD4CA96A6CFC57C8.png,httpssteamusercontentaakamaihdnetugc1559606522943509716582CCF1FF9150BE2E968D998D892B3D40CB8F54EC.png,https://steamusercontent-a.akamaihd.net/ugc/12046617467271374826/50C6266E7D92870F3BB5D977BD4CA96A6CFC57C8/,
Deck#2695f8,16600,1,166,-1,-1,10x7,,,,,,httpssteamusercontentaakamaihdnetugc10903406245812804863290B1ECB74C655BE0ABE965160DE2125F99817CF.png,httpssteamusercontentaakamaihdnetugc12636033598014099589E8FD1C6098B58ED175C428F35F375807E91D890D.png,https://steamusercontent-a.akamaihd.net/ugc/10903406245812804863/290B1ECB74C655BE0ABE965160DE2125F99817CF/,
Deck#2695f8,16601,1,166,0,0,10x7,,,,,,httpssteamusercontentaakamaihdnetugc10903406245812804863290B1ECB74C655BE0ABE965160DE2125F99817CF.png,httpssteamusercontentaakamaihdnetugc12636033598014099589E8FD1C6098B58ED175C428F35F375807E91D890D.png,https://steamusercontent-a.akamaihd.net/ugc/10903406245812804863/290B1ECB74C655BE0ABE965160DE2125F99817CF/,
Deck#2695f8,16602,1,166,0,1,10x7,,,,,,httpssteamusercontentaakamaihdnetugc10903406245812804863290B1ECB74C655BE0ABE965160DE2125F99817CF.png,httpssteamusercontentaakamaihdnetugc12636033598014099589E8FD1C6098B58ED175C428F35F375807E91D890D.png,https://steamusercontent-a.akamaihd.net/ugc/10903406245812804863/290B1ECB74C655BE0ABE965160DE2125F99817CF/,
Deck#2695f8,16603,1,166,0,2,10x7,,,,,,httpssteamusercontentaakamaihdnetugc10903406245812804863290B1ECB74C655BE0ABE965160DE2125F99817CF.png,httpssteamusercontentaakamaihdnetugc12636033598014099589E8FD1C6098B58ED175C428F35F375807E91D890D.png,https://steamusercontent-a.akamaihd.net/ugc/10903406245812804863/290B1ECB74C655BE0ABE965160DE2125F99817CF/,
Deck#2695f8,16604,1,166,0,3,10x7,,,,,,httpssteamusercontentaakamaihdnetugc10903406245812804863290B1ECB74C655BE0ABE965160DE2125F99817CF.png,httpssteamusercontentaakamaihdnetugc12636033598014099589E8FD1C6098B58ED175C428F35F375807E91D890D.png,https://steamusercontent-a.akamaihd.net/ugc/10903406245812804863/290B1ECB74C655BE0ABE965160DE2125F99817CF/,
Deck#eaf5f3,16700,1,167,-1,-1,10x7,,,,,,httpssteamusercontentaakamaihdnetugc18394870055339143117D09CF19EF2EA9896D44BAEB9F23B3D67C7680E93.png,httpssteamusercontentaakamaihdnetugc1054492056078202853387A3947590FDC31D60754C09262C81542AF7372A.png,https://steamusercontent-a.akamaihd.net/ugc/18394870055339143117/D09CF19EF2EA9896D44BAEB9F23B3D67C7680E93/,
Deck#eaf5f3,16701,1,167,0,0,10x7,,,,,,httpssteamusercontentaakamaihdnetugc18394870055339143117D09CF19EF2EA9896D44BAEB9F23B3D67C7680E93.png,httpssteamusercontentaakamaihdnetugc1054492056078202853387A3947590FDC31D60754C09262C81542AF7372A.png,https://steamusercontent-a.akamaihd.net/ugc/18394870055339143117/D09CF19EF2EA9896D44BAEB9F23B3D67C7680E93/,
Deck#eaf5f3,16703,1,167,0,2,10x7,,,,,,httpssteamusercontentaakamaihdnetugc18394870055339143117D09CF19EF2EA9896D44BAEB9F23B3D67C7680E93.png,httpssteamusercontentaakamaihdnetugc1054492056078202853387A3947590FDC31D60754C09262C81542AF7372A.png,https://steamusercontent-a.akamaihd.net/ugc/18394870055339143117/D09CF19EF2EA9896D44BAEB9F23B3D67C7680E93/,
Deck#f88d57,16800,1,168,-1,-1,10x7,,,,,,httpssteamusercontentaakamaihdnetugc9391407719208458031CBFB74425001830E3CD0717A6FE8CEB32EDB0EEE.png,httpssteamusercontentaakamaihdnetugc1559606522943509716582CCF1FF9150BE2E968D998D892B3D40CB8F54EC.png,https://steamusercontent-a.akamaihd.net/ugc/9391407719208458031/CBFB74425001830E3CD0717A6FE8CEB32EDB0EEE/,
Deck#f88d57,16801,1,168,0,0,10x7,,,,,,httpssteamusercontentaakamaihdnetugc9391407719208458031CBFB74425001830E3CD0717A6FE8CEB32EDB0EEE.png,httpssteamusercontentaakamaihdnetugc1559606522943509716582CCF1FF9150BE2E968D998D892B3D40CB8F54EC.png,https://steamusercontent-a.akamaihd.net/ugc/9391407719208458031/CBFB74425001830E3CD0717A6FE8CEB32EDB0EEE/,
Deck#f88d57,16802,1,168,0,1,10x7,,,,,,httpssteamusercontentaakamaihdnetugc9391407719208458031CBFB74425001830E3CD0717A6FE8CEB32EDB0EEE.png,httpssteamusercontentaakamaihdnetugc1559606522943509716582CCF1FF9150BE2E968D998D892B3D40CB8F54EC.png,https://steamusercontent-a.akamaihd.net/ugc/9391407719208458031/CBFB74425001830E3CD0717A6FE8CEB32EDB0EEE/,
Deck#f88d57,16803,1,168,0,2,10x7,,,,,,httpssteamusercontentaakamaihdnetugc9391407719208458031CBFB74425001830E3CD0717A6FE8CEB32EDB0EEE.png,httpssteamusercontentaakamaihdnetugc1559606522943509716582CCF1FF9150BE2E968D998D892B3D40CB8F54EC.png,https://steamusercontent-a.akamaihd.net/ugc/9391407719208458031/CBFB74425001830E3CD0717A6FE8CEB32EDB0EEE/,
Deck#f88d57,16805,1,168,0,4,10x7,,,,,,httpssteamusercontentaakamaihdnetugc9391407719208458031CBFB74425001830E3CD0717A6FE8CEB32EDB0EEE.png,httpssteamusercontentaakamaihdnetugc1559606522943509716582CCF1FF9150BE2E968D998D892B3D40CB8F54EC.png,https://steamusercontent-a.akamaihd.net/ugc/9391407719208458031/CBFB74425001830E3CD0717A6FE8CEB32EDB0EEE/,
Deck#f88d57,16806,1,168,0,5,10x7,,,,,,httpssteamusercontentaakamaihdnetugc9391407719208458031CBFB74425001830E3CD0717A6FE8CEB32EDB0EEE.png,httpssteamusercontentaakamaihdnetugc1559606522943509716582CCF1FF9150BE2E968D998D892B3D40CB8F54EC.png,https://steamusercontent-a.akamaihd.net/ugc/9391407719208458031/CBFB74425001830E3CD0717A6FE8CEB32EDB0EEE/,
DeckCustom#abbcb7,17200,1,172,-1,-1,10x7,,,,,,httpssteamusercontentaakamaihdnetugc1773786990268014634812DCDA01FE7DEFF34227BED734B507C9960F5298.png,httpssteamusercontentaakamaihdnetugc13836990229102513856C8D6AF618B1DD790562EF19C4DA49FD4FE0384ED.png,https://steamusercontent-a.akamaihd.net/ugc/17737869902680146348/12DCDA01FE7DEFF34227BED734B507C9960F5298/,
DeckCustom#abbcb7,17201,1,172,0,0,10x7,,,,,,httpssteamusercontentaakamaihdnetugc1773786990268014634812DCDA01FE7DEFF34227BED734B507C9960F5298.png,httpssteamusercontentaakamaihdnetugc13836990229102513856C8D6AF618B1DD790562EF19C4DA49FD4FE0384ED.png,https://steamusercontent-a.akamaihd.net/ugc/17737869902680146348/12DCDA01FE7DEFF34227BED734B507C9960F5298/,
DeckCustom#abbcb7,17202,1,172,0,1,10x7,,,,,,httpssteamusercontentaakamaihdnetugc1773786990268014634812DCDA01FE7DEFF34227BED734B507C9960F5298.png,httpssteamusercontentaakamaihdnetugc13836990229102513856C8D6AF618B1DD790562EF19C4DA49FD4FE0384ED.png,https://steamusercontent-a.akamaihd.net/ugc/17737869902680146348/12DCDA01FE7DEFF34227BED734B507C9960F5298/,
DeckCustom#abbcb7,17203,1,172,0,2,10x7,,,,,,httpssteamusercontentaakamaihdnetugc1773786990268014634812DCDA01FE7DEFF34227BED734B507C9960F5298.png,httpssteamusercontentaakamaihdnetugc13836990229102513856C8D6AF618B1DD790562EF19C4DA49FD4FE0384ED.png,https://steamusercontent-a.akamaihd.net/ugc/17737869902680146348/12DCDA01FE7DEFF34227BED734B507C9960F5298/,
DeckCustom#abbcb7,17204,1,172,0,3,10x7,,,,,,httpssteamusercontentaakamaihdnetugc1773786990268014634812DCDA01FE7DEFF34227BED734B507C9960F5298.png,httpssteamusercontentaakamaihdnetugc13836990229102513856C8D6AF618B1DD790562EF19C4DA49FD4FE0384ED.png,https://steamusercontent-a.akamaihd.net/ugc/17737869902680146348/12DCDA01FE7DEFF34227BED734B507C9960F5298/,
DeckCustom#abbcb7,17205,1,172,0,4,10x7,,,,,,httpssteamusercontentaakamaihdnetugc1773786990268014634812DCDA01FE7DEFF34227BED734B507C9960F5298.png,httpssteamusercontentaakamaihdnetugc13836990229102513856C8D6AF618B1DD790562EF19C4DA49FD4FE0384ED.png,https://steamusercontent-a.akamaihd.net/ugc/17737869902680146348/12DCDA01FE7DEFF34227BED734B507C9960F5298/,
DeckCustom#abbcb7,17206,1,172,0,5,10x7,,,,,,httpssteamusercontentaakamaihdnetugc1773786990268014634812DCDA01FE7DEFF34227BED734B507C9960F5298.png,httpssteamusercontentaakamaihdnetugc13836990229102513856C8D6AF618B1DD790562EF19C4DA49FD4FE0384ED.png,https://steamusercontent-a.akamaihd.net/ugc/17737869902680146348/12DCDA01FE7DEFF34227BED734B507C9960F5298/,
DeckCustom#abbcb7,17207,1,172,0,6,10x7,,,,,,httpssteamusercontentaakamaihdnetugc1773786990268014634812DCDA01FE7DEFF34227BED734B507C9960F5298.png,httpssteamusercontentaakamaihdnetugc13836990229102513856C8D6AF618B1DD790562EF19C4DA49FD4FE0384ED.png,https://steamusercontent-a.akamaihd.net/ugc/17737869902680146348/12DCDA01FE7DEFF34227BED734B507C9960F5298/,
DeckCustom#abbcb7,17208,1,172,0,7,10x7,,,,,,httpssteamusercontentaakamaihdnetugc1773786990268014634812DCDA01FE7DEFF34227BED734B507C9960F5298.png,httpssteamusercontentaakamaihdnetugc13836990229102513856C8D6AF618B1DD790562EF19C4DA49FD4FE0384ED.png,https://steamusercontent-a.akamaihd.net/ugc/17737869902680146348/12DCDA01FE7DEFF34227BED734B507C9960F5298/,
DeckCustom#abbcb7,17209,1,172,0,8,10x7,,,,,,httpssteamusercontentaakamaihdnetugc1773786990268014634812DCDA01FE7DEFF34227BED734B507C9960F5298.png,httpssteamusercontentaakamaihdnetugc13836990229102513856C8D6AF618B1DD790562EF19C4DA49FD4FE0384ED.png,https://steamusercontent-a.akamaihd.net/ugc/17737869902680146348/12DCDA01FE7DEFF34227BED734B507C9960F5298/,
DeckCustom#abbcb7,17210,1,172,0,9,10x7,,,,,,httpssteamusercontentaakamaihdnetugc1773786990268014634812DCDA01FE7DEFF34227BED734B507C9960F5298.png,httpssteamusercontentaakamaihdnetugc13836990229102513856C8D6AF618B1DD790562EF19C4DA49FD4FE0384ED.png,https://steamusercontent-a.akamaihd.net/ugc/17737869902680146348/12DCDA01FE7DEFF34227BED734B507C9960F5298/,
DeckCustom#abbcb7,17211,1,172,1,0,10x7,,,,,,httpssteamusercontentaakamaihdnetugc1773786990268014634812DCDA01FE7DEFF34227BED734B507C9960F5298.png,httpssteamusercontentaakamaihdnetugc13836990229102513856C8D6AF618B1DD790562EF19C4DA49FD4FE0384ED.png,https://steamusercontent-a.akamaihd.net/ugc/17737869902680146348/12DCDA01FE7DEFF34227BED734B507C9960F5298/,
DeckCustom#abbcb7,17212,1,172,1,1,10x7,,,,,,httpssteamusercontentaakamaihdnetugc1773786990268014634812DCDA01FE7DEFF34227BED734B507C9960F5298.png,httpssteamusercontentaakamaihdnetugc13836990229102513856C8D6AF618B1DD790562EF19C4DA49FD4FE0384ED.png,https://steamusercontent-a.akamaihd.net/ugc/17737869902680146348/12DCDA01FE7DEFF34227BED734B507C9960F5298/,
DeckCustom#abbcb7,17213,1,172,1,2,10x7,,,,,,httpssteamusercontentaakamaihdnetugc1773786990268014634812DCDA01FE7DEFF34227BED734B507C9960F5298.png,httpssteamusercontentaakamaihdnetugc13836990229102513856C8D6AF618B1DD790562EF19C4DA49FD4FE0384ED.png,https://steamusercontent-a.akamaihd.net/ugc/17737869902680146348/12DCDA01FE7DEFF34227BED734B507C9960F5298/,
DeckCustom#abbcb7,17214,1,172,1,3,10x7,,,,,,httpssteamusercontentaakamaihdnetugc1773786990268014634812DCDA01FE7DEFF34227BED734B507C9960F5298.png,httpssteamusercontentaakamaihdnetugc13836990229102513856C8D6AF618B1DD790562EF19C4DA49FD4FE0384ED.png,https://steamusercontent-a.akamaihd.net/ugc/17737869902680146348/12DCDA01FE7DEFF34227BED734B507C9960F5298/,
DeckCustom#abbcb7,17215,1,172,1,4,10x7,,,,,,httpssteamusercontentaakamaihdnetugc1773786990268014634812DCDA01FE7DEFF34227BED734B507C9960F5298.png,httpssteamusercontentaakamaihdnetugc13836990229102513856C8D6AF618B1DD790562EF19C4DA49FD4FE0384ED.png,https://steamusercontent-a.akamaihd.net/ugc/17737869902680146348/12DCDA01FE7DEFF34227BED734B507C9960F5298/,
DeckCustom#abbcb7,17216,1,172,1,5,10x7,,,,,,httpssteamusercontentaakamaihdnetugc1773786990268014634812DCDA01FE7DEFF34227BED734B507C9960F5298.png,httpssteamusercontentaakamaihdnetugc13836990229102513856C8D6AF618B1DD790562EF19C4DA49FD4FE0384ED.png,https://steamusercontent-a.akamaihd.net/ugc/17737869902680146348/12DCDA01FE7DEFF34227BED734B507C9960F5298/,
DeckCustom#abbcb7,17217,1,172,1,6,10x7,,,,,,httpssteamusercontentaakamaihdnetugc1773786990268014634812DCDA01FE7DEFF34227BED734B507C9960F5298.png,httpssteamusercontentaakamaihdnetugc13836990229102513856C8D6AF618B1DD790562EF19C4DA49FD4FE0384ED.png,https://steamusercontent-a.akamaihd.net/ugc/17737869902680146348/12DCDA01FE7DEFF34227BED734B507C9960F5298/,
DeckCustom#295668,17500,5,175,-1,-1,10x7,,,,,,httpssteamusercontentaakamaihdnetugc957970269744785986787AFABDDB33FF6A6B7E7AAB23AFCA69DECC2B4AD.png,httpssteamusercontentaakamaihdnetugc1559606522943509716582CCF1FF9150BE2E968D998D892B3D40CB8F54EC.png,https://steamusercontent-a.akamaihd.net/ugc/9579702697447859867/87AFABDDB33FF6A6B7E7AAB23AFCA69DECC2B4AD/,
DeckCustom#295668,17501,4,175,0,0,10x7,,,,,,httpssteamusercontentaakamaihdnetugc957970269744785986787AFABDDB33FF6A6B7E7AAB23AFCA69DECC2B4AD.png,httpssteamusercontentaakamaihdnetugc1559606522943509716582CCF1FF9150BE2E968D998D892B3D40CB8F54EC.png,https://steamusercontent-a.akamaihd.net/ugc/9579702697447859867/87AFABDDB33FF6A6B7E7AAB23AFCA69DECC2B4AD/,
DeckCustom#295668,17502,5,175,0,1,10x7,,,,,,httpssteamusercontentaakamaihdnetugc957970269744785986787AFABDDB33FF6A6B7E7AAB23AFCA69DECC2B4AD.png,httpssteamusercontentaakamaihdnetugc1559606522943509716582CCF1FF9150BE2E968D998D892B3D40CB8F54EC.png,https://steamusercontent-a.akamaihd.net/ugc/9579702697447859867/87AFABDDB33FF6A6B7E7AAB23AFCA69DECC2B4AD/,
DeckCustom#295668,17503,4,175,0,2,10x7,,,,,,httpssteamusercontentaakamaihdnetugc957970269744785986787AFABDDB33FF6A6B7E7AAB23AFCA69DECC2B4AD.png,httpssteamusercontentaakamaihdnetugc1559606522943509716582CCF1FF9150BE2E968D998D892B3D40CB8F54EC.png,https://steamusercontent-a.akamaihd.net/ugc/9579702697447859867/87AFABDDB33FF6A6B7E7AAB23AFCA69DECC2B4AD/,
DeckCustom#295668,17504,6,175,0,3,10x7,,,,,,httpssteamusercontentaakamaihdnetugc957970269744785986787AFABDDB33FF6A6B7E7AAB23AFCA69DECC2B4AD.png,httpssteamusercontentaakamaihdnetugc1559606522943509716582CCF1FF9150BE2E968D998D892B3D40CB8F54EC.png,https://steamusercontent-a.akamaihd.net/ugc/9579702697447859867/87AFABDDB33FF6A6B7E7AAB23AFCA69DECC2B4AD/,
DeckCustom#295668,17505,1,175,0,4,10x7,,,,,,httpssteamusercontentaakamaihdnetugc957970269744785986787AFABDDB33FF6A6B7E7AAB23AFCA69DECC2B4AD.png,httpssteamusercontentaakamaihdnetugc1559606522943509716582CCF1FF9150BE2E968D998D892B3D40CB8F54EC.png,https://steamusercontent-a.akamaihd.net/ugc/9579702697447859867/87AFABDDB33FF6A6B7E7AAB23AFCA69DECC2B4AD/,
DeckCustom#295668,17506,1,175,0,5,10x7,,,,,,httpssteamusercontentaakamaihdnetugc957970269744785986787AFABDDB33FF6A6B7E7AAB23AFCA69DECC2B4AD.png,httpssteamusercontentaakamaihdnetugc1559606522943509716582CCF1FF9150BE2E968D998D892B3D40CB8F54EC.png,https://steamusercontent-a.akamaihd.net/ugc/9579702697447859867/87AFABDDB33FF6A6B7E7AAB23AFCA69DECC2B4AD/,
DeckCustom#295668,17507,1,175,0,6,10x7,,,,,,httpssteamusercontentaakamaihdnetugc957970269744785986787AFABDDB33FF6A6B7E7AAB23AFCA69DECC2B4AD.png,httpssteamusercontentaakamaihdnetugc1559606522943509716582CCF1FF9150BE2E968D998D892B3D40CB8F54EC.png,https://steamusercontent-a.akamaihd.net/ugc/9579702697447859867/87AFABDDB33FF6A6B7E7AAB23AFCA69DECC2B4AD/,
DeckCustom#295668,17508,1,175,0,7,10x7,,,,,,httpssteamusercontentaakamaihdnetugc957970269744785986787AFABDDB33FF6A6B7E7AAB23AFCA69DECC2B4AD.png,httpssteamusercontentaakamaihdnetugc1559606522943509716582CCF1FF9150BE2E968D998D892B3D40CB8F54EC.png,https://steamusercontent-a.akamaihd.net/ugc/9579702697447859867/87AFABDDB33FF6A6B7E7AAB23AFCA69DECC2B4AD/,
DeckCustom#295668,17509,1,175,0,8,10x7,,,,,,httpssteamusercontentaakamaihdnetugc957970269744785986787AFABDDB33FF6A6B7E7AAB23AFCA69DECC2B4AD.png,httpssteamusercontentaakamaihdnetugc1559606522943509716582CCF1FF9150BE2E968D998D892B3D40CB8F54EC.png,https://steamusercontent-a.akamaihd.net/ugc/9579702697447859867/87AFABDDB33FF6A6B7E7AAB23AFCA69DECC2B4AD/,
DeckCustom#295668,17510,1,175,0,9,10x7,,,,,,httpssteamusercontentaakamaihdnetugc957970269744785986787AFABDDB33FF6A6B7E7AAB23AFCA69DECC2B4AD.png,httpssteamusercontentaakamaihdnetugc1559606522943509716582CCF1FF9150BE2E968D998D892B3D40CB8F54EC.png,https://steamusercontent-a.akamaihd.net/ugc/9579702697447859867/87AFABDDB33FF6A6B7E7AAB23AFCA69DECC2B4AD/,
DeckCustom#295668,17511,1,175,1,0,10x7,,,,,,httpssteamusercontentaakamaihdnetugc957970269744785986787AFABDDB33FF6A6B7E7AAB23AFCA69DECC2B4AD.png,httpssteamusercontentaakamaihdnetugc1559606522943509716582CCF1FF9150BE2E968D998D892B3D40CB8F54EC.png,https://steamusercontent-a.akamaihd.net/ugc/9579702697447859867/87AFABDDB33FF6A6B7E7AAB23AFCA69DECC2B4AD/,
DeckCustom#295668,17512,1,175,1,1,10x7,,,,,,httpssteamusercontentaakamaihdnetugc957970269744785986787AFABDDB33FF6A6B7E7AAB23AFCA69DECC2B4AD.png,httpssteamusercontentaakamaihdnetugc1559606522943509716582CCF1FF9150BE2E968D998D892B3D40CB8F54EC.png,https://steamusercontent-a.akamaihd.net/ugc/9579702697447859867/87AFABDDB33FF6A6B7E7AAB23AFCA69DECC2B4AD/,
DeckCustom#295668,17513,1,175,1,2,10x7,,,,,,httpssteamusercontentaakamaihdnetugc957970269744785986787AFABDDB33FF6A6B7E7AAB23AFCA69DECC2B4AD.png,httpssteamusercontentaakamaihdnetugc1559606522943509716582CCF1FF9150BE2E968D998D892B3D40CB8F54EC.png,https://steamusercontent-a.akamaihd.net/ugc/9579702697447859867/87AFABDDB33FF6A6B7E7AAB23AFCA69DECC2B4AD/,
DeckCustom#295668,17514,1,175,1,3,10x7,,,,,,httpssteamusercontentaakamaihdnetugc957970269744785986787AFABDDB33FF6A6B7E7AAB23AFCA69DECC2B4AD.png,httpssteamusercontentaakamaihdnetugc1559606522943509716582CCF1FF9150BE2E968D998D892B3D40CB8F54EC.png,https://steamusercontent-a.akamaihd.net/ugc/9579702697447859867/87AFABDDB33FF6A6B7E7AAB23AFCA69DECC2B4AD/,
DeckCustom#295668,17515,1,175,1,4,10x7,,,,,,httpssteamusercontentaakamaihdnetugc957970269744785986787AFABDDB33FF6A6B7E7AAB23AFCA69DECC2B4AD.png,httpssteamusercontentaakamaihdnetugc1559606522943509716582CCF1FF9150BE2E968D998D892B3D40CB8F54EC.png,https://steamusercontent-a.akamaihd.net/ugc/9579702697447859867/87AFABDDB33FF6A6B7E7AAB23AFCA69DECC2B4AD/,
DeckCustom#295668,17516,1,175,1,5,10x7,,,,,,httpssteamusercontentaakamaihdnetugc957970269744785986787AFABDDB33FF6A6B7E7AAB23AFCA69DECC2B4AD.png,httpssteamusercontentaakamaihdnetugc1559606522943509716582CCF1FF9150BE2E968D998D892B3D40CB8F54EC.png,https://steamusercontent-a.akamaihd.net/ugc/9579702697447859867/87AFABDDB33FF6A6B7E7AAB23AFCA69DECC2B4AD/,
DeckCustom#295668,17517,1,175,1,6,10x7,,,,,,httpssteamusercontentaakamaihdnetugc957970269744785986787AFABDDB33FF6A6B7E7AAB23AFCA69DECC2B4AD.png,httpssteamusercontentaakamaihdnetugc1559606522943509716582CCF1FF9150BE2E968D998D892B3D40CB8F54EC.png,https://steamusercontent-a.akamaihd.net/ugc/9579702697447859867/87AFABDDB33FF6A6B7E7AAB23AFCA69DECC2B4AD/,
DeckCustom#295668,17518,1,175,1,7,10x7,,,,,,httpssteamusercontentaakamaihdnetugc957970269744785986787AFABDDB33FF6A6B7E7AAB23AFCA69DECC2B4AD.png,httpssteamusercontentaakamaihdnetugc1559606522943509716582CCF1FF9150BE2E968D998D892B3D40CB8F54EC.png,https://steamusercontent-a.akamaihd.net/ugc/9579702697447859867/87AFABDDB33FF6A6B7E7AAB23AFCA69DECC2B4AD/,
DeckCustom#295668,17519,1,175,1,8,10x7,,,,,,httpssteamusercontentaakamaihdnetugc957970269744785986787AFABDDB33FF6A6B7E7AAB23AFCA69DECC2B4AD.png,httpssteamusercontentaakamaihdnetugc1559606522943509716582CCF1FF9150BE2E968D998D892B3D40CB8F54EC.png,https://steamusercontent-a.akamaihd.net/ugc/9579702697447859867/87AFABDDB33FF6A6B7E7AAB23AFCA69DECC2B4AD/,
DeckCustom#295668,17520,1,175,1,9,10x7,,,,,,httpssteamusercontentaakamaihdnetugc957970269744785986787AFABDDB33FF6A6B7E7AAB23AFCA69DECC2B4AD.png,httpssteamusercontentaakamaihdnetugc1559606522943509716582CCF1FF9150BE2E968D998D892B3D40CB8F54EC.png,https://steamusercontent-a.akamaihd.net/ugc/9579702697447859867/87AFABDDB33FF6A6B7E7AAB23AFCA69DECC2B4AD/,
DeckCustom#295668,17521,1,175,2,0,10x7,,,,,,httpssteamusercontentaakamaihdnetugc957970269744785986787AFABDDB33FF6A6B7E7AAB23AFCA69DECC2B4AD.png,httpssteamusercontentaakamaihdnetugc1559606522943509716582CCF1FF9150BE2E968D998D892B3D40CB8F54EC.png,https://steamusercontent-a.akamaihd.net/ugc/9579702697447859867/87AFABDDB33FF6A6B7E7AAB23AFCA69DECC2B4AD/,
DeckCustom#295668,17522,1,175,2,1,10x7,,,,,,httpssteamusercontentaakamaihdnetugc957970269744785986787AFABDDB33FF6A6B7E7AAB23AFCA69DECC2B4AD.png,httpssteamusercontentaakamaihdnetugc1559606522943509716582CCF1FF9150BE2E968D998D892B3D40CB8F54EC.png,https://steamusercontent-a.akamaihd.net/ugc/9579702697447859867/87AFABDDB33FF6A6B7E7AAB23AFCA69DECC2B4AD/,
DeckCustom#295668,17523,1,175,2,2,10x7,,,,,,httpssteamusercontentaakamaihdnetugc957970269744785986787AFABDDB33FF6A6B7E7AAB23AFCA69DECC2B4AD.png,httpssteamusercontentaakamaihdnetugc1559606522943509716582CCF1FF9150BE2E968D998D892B3D40CB8F54EC.png,https://steamusercontent-a.akamaihd.net/ugc/9579702697447859867/87AFABDDB33FF6A6B7E7AAB23AFCA69DECC2B4AD/,
DeckCustom#295668,17524,1,175,2,3,10x7,,,,,,httpssteamusercontentaakamaihdnetugc957970269744785986787AFABDDB33FF6A6B7E7AAB23AFCA69DECC2B4AD.png,httpssteamusercontentaakamaihdnetugc1559606522943509716582CCF1FF9150BE2E968D998D892B3D40CB8F54EC.png,https://steamusercontent-a.akamaihd.net/ugc/9579702697447859867/87AFABDDB33FF6A6B7E7AAB23AFCA69DECC2B4AD/,
DeckCustom#295668,17525,1,175,2,4,10x7,,,,,,httpssteamusercontentaakamaihdnetugc957970269744785986787AFABDDB33FF6A6B7E7AAB23AFCA69DECC2B4AD.png,httpssteamusercontentaakamaihdnetugc1559606522943509716582CCF1FF9150BE2E968D998D892B3D40CB8F54EC.png,https://steamusercontent-a.akamaihd.net/ugc/9579702697447859867/87AFABDDB33FF6A6B7E7AAB23AFCA69DECC2B4AD/,
DeckCustom#295668,17526,1,175,2,5,10x7,,,,,,httpssteamusercontentaakamaihdnetugc957970269744785986787AFABDDB33FF6A6B7E7AAB23AFCA69DECC2B4AD.png,httpssteamusercontentaakamaihdnetugc1559606522943509716582CCF1FF9150BE2E968D998D892B3D40CB8F54EC.png,https://steamusercontent-a.akamaihd.net/ugc/9579702697447859867/87AFABDDB33FF6A6B7E7AAB23AFCA69DECC2B4AD/,
DeckCustom#295668,17527,1,175,2,6,10x7,,,,,,httpssteamusercontentaakamaihdnetugc957970269744785986787AFABDDB33FF6A6B7E7AAB23AFCA69DECC2B4AD.png,httpssteamusercontentaakamaihdnetugc1559606522943509716582CCF1FF9150BE2E968D998D892B3D40CB8F54EC.png,https://steamusercontent-a.akamaihd.net/ugc/9579702697447859867/87AFABDDB33FF6A6B7E7AAB23AFCA69DECC2B4AD/,
DeckCustom#295668,17528,1,175,2,7,10x7,,,,,,httpssteamusercontentaakamaihdnetugc957970269744785986787AFABDDB33FF6A6B7E7AAB23AFCA69DECC2B4AD.png,httpssteamusercontentaakamaihdnetugc1559606522943509716582CCF1FF9150BE2E968D998D892B3D40CB8F54EC.png,https://steamusercontent-a.akamaihd.net/ugc/9579702697447859867/87AFABDDB33FF6A6B7E7AAB23AFCA69DECC2B4AD/,
DeckCustom#295668,17529,1,175,2,8,10x7,,,,,,httpssteamusercontentaakamaihdnetugc957970269744785986787AFABDDB33FF6A6B7E7AAB23AFCA69DECC2B4AD.png,httpssteamusercontentaakamaihdnetugc1559606522943509716582CCF1FF9150BE2E968D998D892B3D40CB8F54EC.png,https://steamusercontent-a.akamaihd.net/ugc/9579702697447859867/87AFABDDB33FF6A6B7E7AAB23AFCA69DECC2B4AD/,
DeckCustom#295668,17530,1,175,2,9,10x7,,,,,,httpssteamusercontentaakamaihdnetugc957970269744785986787AFABDDB33FF6A6B7E7AAB23AFCA69DECC2B4AD.png,httpssteamusercontentaakamaihdnetugc1559606522943509716582CCF1FF9150BE2E968D998D892B3D40CB8F54EC.png,https://steamusercontent-a.akamaihd.net/ugc/9579702697447859867/87AFABDDB33FF6A6B7E7AAB23AFCA69DECC2B4AD/,
DeckCustom#295668,17531,1,175,3,0,10x7,,,,,,httpssteamusercontentaakamaihdnetugc957970269744785986787AFABDDB33FF6A6B7E7AAB23AFCA69DECC2B4AD.png,httpssteamusercontentaakamaihdnetugc1559606522943509716582CCF1FF9150BE2E968D998D892B3D40CB8F54EC.png,https://steamusercontent-a.akamaihd.net/ugc/9579702697447859867/87AFABDDB33FF6A6B7E7AAB23AFCA69DECC2B4AD/,
DeckCustom#295668,17532,1,175,3,1,10x7,,,,,,httpssteamusercontentaakamaihdnetugc957970269744785986787AFABDDB33FF6A6B7E7AAB23AFCA69DECC2B4AD.png,httpssteamusercontentaakamaihdnetugc1559606522943509716582CCF1FF9150BE2E968D998D892B3D40CB8F54EC.png,https://steamusercontent-a.akamaihd.net/ugc/9579702697447859867/87AFABDDB33FF6A6B7E7AAB23AFCA69DECC2B4AD/,
DeckCustom#295668,17533,1,175,3,2,10x7,,,,,,httpssteamusercontentaakamaihdnetugc957970269744785986787AFABDDB33FF6A6B7E7AAB23AFCA69DECC2B4AD.png,httpssteamusercontentaakamaihdnetugc1559606522943509716582CCF1FF9150BE2E968D998D892B3D40CB8F54EC.png,https://steamusercontent-a.akamaihd.net/ugc/9579702697447859867/87AFABDDB33FF6A6B7E7AAB23AFCA69DECC2B4AD/,
DeckCustom#295668,17534,1,175,3,3,10x7,,,,,,httpssteamusercontentaakamaihdnetugc957970269744785986787AFABDDB33FF6A6B7E7AAB23AFCA69DECC2B4AD.png,httpssteamusercontentaakamaihdnetugc1559606522943509716582CCF1FF9150BE2E968D998D892B3D40CB8F54EC.png,https://steamusercontent-a.akamaihd.net/ugc/9579702697447859867/87AFABDDB33FF6A6B7E7AAB23AFCA69DECC2B4AD/,
DeckCustom#295668,17535,1,175,3,4,10x7,,,,,,httpssteamusercontentaakamaihdnetugc957970269744785986787AFABDDB33FF6A6B7E7AAB23AFCA69DECC2B4AD.png,httpssteamusercontentaakamaihdnetugc1559606522943509716582CCF1FF9150BE2E968D998D892B3D40CB8F54EC.png,https://steamusercontent-a.akamaihd.net/ugc/9579702697447859867/87AFABDDB33FF6A6B7E7AAB23AFCA69DECC2B4AD/,
DeckCustom#295668,17536,1,175,3,5,10x7,,,,,,httpssteamusercontentaakamaihdnetugc957970269744785986787AFABDDB33FF6A6B7E7AAB23AFCA69DECC2B4AD.png,httpssteamusercontentaakamaihdnetugc1559606522943509716582CCF1FF9150BE2E968D998D892B3D40CB8F54EC.png,https://steamusercontent-a.akamaihd.net/ugc/9579702697447859867/87AFABDDB33FF6A6B7E7AAB23AFCA69DECC2B4AD/,
DeckCustom#295668,17537,1,175,3,6,10x7,,,,,,httpssteamusercontentaakamaihdnetugc957970269744785986787AFABDDB33FF6A6B7E7AAB23AFCA69DECC2B4AD.png,httpssteamusercontentaakamaihdnetugc1559606522943509716582CCF1FF9150BE2E968D998D892B3D40CB8F54EC.png,https://steamusercontent-a.akamaihd.net/ugc/9579702697447859867/87AFABDDB33FF6A6B7E7AAB23AFCA69DECC2B4AD/,
DeckCustom#295668,17538,1,175,3,7,10x7,,,,,,httpssteamusercontentaakamaihdnetugc957970269744785986787AFABDDB33FF6A6B7E7AAB23AFCA69DECC2B4AD.png,httpssteamusercontentaakamaihdnetugc1559606522943509716582CCF1FF9150BE2E968D998D892B3D40CB8F54EC.png,https://steamusercontent-a.akamaihd.net/ugc/9579702697447859867/87AFABDDB33FF6A6B7E7AAB23AFCA69DECC2B4AD/,
DeckCustom#295668,17539,1,175,3,8,10x7,,,,,,httpssteamusercontentaakamaihdnetugc957970269744785986787AFABDDB33FF6A6B7E7AAB23AFCA69DECC2B4AD.png,httpssteamusercontentaakamaihdnetugc1559606522943509716582CCF1FF9150BE2E968D998D892B3D40CB8F54EC.png,https://steamusercontent-a.akamaihd.net/ugc/9579702697447859867/87AFABDDB33FF6A6B7E7AAB23AFCA69DECC2B4AD/,
DeckCustom#295668,17540,1,175,3,9,10x7,,,,,,httpssteamusercontentaakamaihdnetugc957970269744785986787AFABDDB33FF6A6B7E7AAB23AFCA69DECC2B4AD.png,httpssteamusercontentaakamaihdnetugc1559606522943509716582CCF1FF9150BE2E968D998D892B3D40CB8F54EC.png,https://steamusercontent-a.akamaihd.net/ugc/9579702697447859867/87AFABDDB33FF6A6B7E7AAB23AFCA69DECC2B4AD/,
DeckCustom#295668,17541,1,175,4,0,10x7,,,,,,httpssteamusercontentaakamaihdnetugc957970269744785986787AFABDDB33FF6A6B7E7AAB23AFCA69DECC2B4AD.png,httpssteamusercontentaakamaihdnetugc1559606522943509716582CCF1FF9150BE2E968D998D892B3D40CB8F54EC.png,https://steamusercontent-a.akamaihd.net/ugc/9579702697447859867/87AFABDDB33FF6A6B7E7AAB23AFCA69DECC2B4AD/,
DeckCustom#295668,17542,1,175,4,1,10x7,,,,,,httpssteamusercontentaakamaihdnetugc957970269744785986787AFABDDB33FF6A6B7E7AAB23AFCA69DECC2B4AD.png,httpssteamusercontentaakamaihdnetugc1559606522943509716582CCF1FF9150BE2E968D998D892B3D40CB8F54EC.png,https://steamusercontent-a.akamaihd.net/ugc/9579702697447859867/87AFABDDB33FF6A6B7E7AAB23AFCA69DECC2B4AD/,
DeckCustom#295668,17543,1,175,4,2,10x7,,,,,,httpssteamusercontentaakamaihdnetugc957970269744785986787AFABDDB33FF6A6B7E7AAB23AFCA69DECC2B4AD.png,httpssteamusercontentaakamaihdnetugc1559606522943509716582CCF1FF9150BE2E968D998D892B3D40CB8F54EC.png,https://steamusercontent-a.akamaihd.net/ugc/9579702697447859867/87AFABDDB33FF6A6B7E7AAB23AFCA69DECC2B4AD/,
DeckCustom#295668,17544,1,175,4,3,10x7,,,,,,httpssteamusercontentaakamaihdnetugc957970269744785986787AFABDDB33FF6A6B7E7AAB23AFCA69DECC2B4AD.png,httpssteamusercontentaakamaihdnetugc1559606522943509716582CCF1FF9150BE2E968D998D892B3D40CB8F54EC.png,https://steamusercontent-a.akamaihd.net/ugc/9579702697447859867/87AFABDDB33FF6A6B7E7AAB23AFCA69DECC2B4AD/,
DeckCustom#295668,17545,1,175,4,4,10x7,,,,,,httpssteamusercontentaakamaihdnetugc957970269744785986787AFABDDB33FF6A6B7E7AAB23AFCA69DECC2B4AD.png,httpssteamusercontentaakamaihdnetugc1559606522943509716582CCF1FF9150BE2E968D998D892B3D40CB8F54EC.png,https://steamusercontent-a.akamaihd.net/ugc/9579702697447859867/87AFABDDB33FF6A6B7E7AAB23AFCA69DECC2B4AD/,
DeckCustom#295668,17546,1,175,4,5,10x7,,,,,,httpssteamusercontentaakamaihdnetugc957970269744785986787AFABDDB33FF6A6B7E7AAB23AFCA69DECC2B4AD.png,httpssteamusercontentaakamaihdnetugc1559606522943509716582CCF1FF9150BE2E968D998D892B3D40CB8F54EC.png,https://steamusercontent-a.akamaihd.net/ugc/9579702697447859867/87AFABDDB33FF6A6B7E7AAB23AFCA69DECC2B4AD/,
DeckCustom#295668,17547,1,175,4,6,10x7,,,,,,httpssteamusercontentaakamaihdnetugc957970269744785986787AFABDDB33FF6A6B7E7AAB23AFCA69DECC2B4AD.png,httpssteamusercontentaakamaihdnetugc1559606522943509716582CCF1FF9150BE2E968D998D892B3D40CB8F54EC.png,https://steamusercontent-a.akamaihd.net/ugc/9579702697447859867/87AFABDDB33FF6A6B7E7AAB23AFCA69DECC2B4AD/,
DeckCustom#295668,17548,1,175,4,7,10x7,,,,,,httpssteamusercontentaakamaihdnetugc957970269744785986787AFABDDB33FF6A6B7E7AAB23AFCA69DECC2B4AD.png,httpssteamusercontentaakamaihdnetugc1559606522943509716582CCF1FF9150BE2E968D998D892B3D40CB8F54EC.png,https://steamusercontent-a.akamaihd.net/ugc/9579702697447859867/87AFABDDB33FF6A6B7E7AAB23AFCA69DECC2B4AD/,
DeckCustom#295668,17549,1,175,4,8,10x7,,,,,,httpssteamusercontentaakamaihdnetugc957970269744785986787AFABDDB33FF6A6B7E7AAB23AFCA69DECC2B4AD.png,httpssteamusercontentaakamaihdnetugc1559606522943509716582CCF1FF9150BE2E968D998D892B3D40CB8F54EC.png,https://steamusercontent-a.akamaihd.net/ugc/9579702697447859867/87AFABDDB33FF6A6B7E7AAB23AFCA69DECC2B4AD/,
DeckCustom#295668,17550,1,175,4,9,10x7,,,,,,httpssteamusercontentaakamaihdnetugc957970269744785986787AFABDDB33FF6A6B7E7AAB23AFCA69DECC2B4AD.png,httpssteamusercontentaakamaihdnetugc1559606522943509716582CCF1FF9150BE2E968D998D892B3D40CB8F54EC.png,https://steamusercontent-a.akamaihd.net/ugc/9579702697447859867/87AFABDDB33FF6A6B7E7AAB23AFCA69DECC2B4AD/,
DeckCustom#295668,17551,1,175,5,0,10x7,,,,,,httpssteamusercontentaakamaihdnetugc957970269744785986787AFABDDB33FF6A6B7E7AAB23AFCA69DECC2B4AD.png,httpssteamusercontentaakamaihdnetugc1559606522943509716582CCF1FF9150BE2E968D998D892B3D40CB8F54EC.png,https://steamusercontent-a.akamaihd.net/ugc/9579702697447859867/87AFABDDB33FF6A6B7E7AAB23AFCA69DECC2B4AD/,
DeckCustom#295668,17552,1,175,5,1,10x7,,,,,,httpssteamusercontentaakamaihdnetugc957970269744785986787AFABDDB33FF6A6B7E7AAB23AFCA69DECC2B4AD.png,httpssteamusercontentaakamaihdnetugc1559606522943509716582CCF1FF9150BE2E968D998D892B3D40CB8F54EC.png,https://steamusercontent-a.akamaihd.net/ugc/9579702697447859867/87AFABDDB33FF6A6B7E7AAB23AFCA69DECC2B4AD/,
DeckCustom#295668,17553,1,175,5,2,10x7,,,,,,httpssteamusercontentaakamaihdnetugc957970269744785986787AFABDDB33FF6A6B7E7AAB23AFCA69DECC2B4AD.png,httpssteamusercontentaakamaihdnetugc1559606522943509716582CCF1FF9150BE2E968D998D892B3D40CB8F54EC.png,https://steamusercontent-a.akamaihd.net/ugc/9579702697447859867/87AFABDDB33FF6A6B7E7AAB23AFCA69DECC2B4AD/,
DeckCustom#295668,17554,1,175,5,3,10x7,,,,,,httpssteamusercontentaakamaihdnetugc957970269744785986787AFABDDB33FF6A6B7E7AAB23AFCA69DECC2B4AD.png,httpssteamusercontentaakamaihdnetugc1559606522943509716582CCF1FF9150BE2E968D998D892B3D40CB8F54EC.png,https://steamusercontent-a.akamaihd.net/ugc/9579702697447859867/87AFABDDB33FF6A6B7E7AAB23AFCA69DECC2B4AD/,
DeckCustom#9f1df4,17700,4,177,-1,-1,10x7,,,,,,httpssteamusercontentaakamaihdnetugc17051544059856308019D89300C17A161033C5ED508A7F0DA159CCA83E62.png,httpssteamusercontentaakamaihdnetugc1054492056078202853387A3947590FDC31D60754C09262C81542AF7372A.png,https://steamusercontent-a.akamaihd.net/ugc/17051544059856308019/D89300C17A161033C5ED508A7F0DA159CCA83E62/,
DeckCustom#9f1df4,17701,5,177,0,0,10x7,,,,,,httpssteamusercontentaakamaihdnetugc17051544059856308019D89300C17A161033C5ED508A7F0DA159CCA83E62.png,httpssteamusercontentaakamaihdnetugc1054492056078202853387A3947590FDC31D60754C09262C81542AF7372A.png,https://steamusercontent-a.akamaihd.net/ugc/17051544059856308019/D89300C17A161033C5ED508A7F0DA159CCA83E62/,
DeckCustom#9f1df4,17702,4,177,0,1,10x7,,,,,,httpssteamusercontentaakamaihdnetugc17051544059856308019D89300C17A161033C5ED508A7F0DA159CCA83E62.png,httpssteamusercontentaakamaihdnetugc1054492056078202853387A3947590FDC31D60754C09262C81542AF7372A.png,https://steamusercontent-a.akamaihd.net/ugc/17051544059856308019/D89300C17A161033C5ED508A7F0DA159CCA83E62/,
DeckCustom#9f1df4,17703,2,177,0,2,10x7,,,,,,httpssteamusercontentaakamaihdnetugc17051544059856308019D89300C17A161033C5ED508A7F0DA159CCA83E62.png,httpssteamusercontentaakamaihdnetugc1054492056078202853387A3947590FDC31D60754C09262C81542AF7372A.png,https://steamusercontent-a.akamaihd.net/ugc/17051544059856308019/D89300C17A161033C5ED508A7F0DA159CCA83E62/,
DeckCustom#9f1df4,17704,3,177,0,3,10x7,,,,,,httpssteamusercontentaakamaihdnetugc17051544059856308019D89300C17A161033C5ED508A7F0DA159CCA83E62.png,httpssteamusercontentaakamaihdnetugc1054492056078202853387A3947590FDC31D60754C09262C81542AF7372A.png,https://steamusercontent-a.akamaihd.net/ugc/17051544059856308019/D89300C17A161033C5ED508A7F0DA159CCA83E62/,
DeckCustom#9f1df4,17705,1,177,0,4,10x7,,,,,,httpssteamusercontentaakamaihdnetugc17051544059856308019D89300C17A161033C5ED508A7F0DA159CCA83E62.png,httpssteamusercontentaakamaihdnetugc1054492056078202853387A3947590FDC31D60754C09262C81542AF7372A.png,https://steamusercontent-a.akamaihd.net/ugc/17051544059856308019/D89300C17A161033C5ED508A7F0DA159CCA83E62/,
DeckCustom#9f1df4,17706,1,177,0,5,10x7,,,,,,httpssteamusercontentaakamaihdnetugc17051544059856308019D89300C17A161033C5ED508A7F0DA159CCA83E62.png,httpssteamusercontentaakamaihdnetugc1054492056078202853387A3947590FDC31D60754C09262C81542AF7372A.png,https://steamusercontent-a.akamaihd.net/ugc/17051544059856308019/D89300C17A161033C5ED508A7F0DA159CCA83E62/,
DeckCustom#9f1df4,17707,1,177,0,6,10x7,,,,,,httpssteamusercontentaakamaihdnetugc17051544059856308019D89300C17A161033C5ED508A7F0DA159CCA83E62.png,httpssteamusercontentaakamaihdnetugc1054492056078202853387A3947590FDC31D60754C09262C81542AF7372A.png,https://steamusercontent-a.akamaihd.net/ugc/17051544059856308019/D89300C17A161033C5ED508A7F0DA159CCA83E62/,
DeckCustom#9f1df4,17708,1,177,0,7,10x7,,,,,,httpssteamusercontentaakamaihdnetugc17051544059856308019D89300C17A161033C5ED508A7F0DA159CCA83E62.png,httpssteamusercontentaakamaihdnetugc1054492056078202853387A3947590FDC31D60754C09262C81542AF7372A.png,https://steamusercontent-a.akamaihd.net/ugc/17051544059856308019/D89300C17A161033C5ED508A7F0DA159CCA83E62/,
DeckCustom#9f1df4,17709,1,177,0,8,10x7,,,,,,httpssteamusercontentaakamaihdnetugc17051544059856308019D89300C17A161033C5ED508A7F0DA159CCA83E62.png,httpssteamusercontentaakamaihdnetugc1054492056078202853387A3947590FDC31D60754C09262C81542AF7372A.png,https://steamusercontent-a.akamaihd.net/ugc/17051544059856308019/D89300C17A161033C5ED508A7F0DA159CCA83E62/,
DeckCustom#9f1df4,17710,1,177,0,9,10x7,,,,,,httpssteamusercontentaakamaihdnetugc17051544059856308019D89300C17A161033C5ED508A7F0DA159CCA83E62.png,httpssteamusercontentaakamaihdnetugc1054492056078202853387A3947590FDC31D60754C09262C81542AF7372A.png,https://steamusercontent-a.akamaihd.net/ugc/17051544059856308019/D89300C17A161033C5ED508A7F0DA159CCA83E62/,
DeckCustom#9f1df4,17711,1,177,1,0,10x7,,,,,,httpssteamusercontentaakamaihdnetugc17051544059856308019D89300C17A161033C5ED508A7F0DA159CCA83E62.png,httpssteamusercontentaakamaihdnetugc1054492056078202853387A3947590FDC31D60754C09262C81542AF7372A.png,https://steamusercontent-a.akamaihd.net/ugc/17051544059856308019/D89300C17A161033C5ED508A7F0DA159CCA83E62/,
DeckCustom#9f1df4,17712,1,177,1,1,10x7,,,,,,httpssteamusercontentaakamaihdnetugc17051544059856308019D89300C17A161033C5ED508A7F0DA159CCA83E62.png,httpssteamusercontentaakamaihdnetugc1054492056078202853387A3947590FDC31D60754C09262C81542AF7372A.png,https://steamusercontent-a.akamaihd.net/ugc/17051544059856308019/D89300C17A161033C5ED508A7F0DA159CCA83E62/,
DeckCustom#9f1df4,17713,1,177,1,2,10x7,,,,,,httpssteamusercontentaakamaihdnetugc17051544059856308019D89300C17A161033C5ED508A7F0DA159CCA83E62.png,httpssteamusercontentaakamaihdnetugc1054492056078202853387A3947590FDC31D60754C09262C81542AF7372A.png,https://steamusercontent-a.akamaihd.net/ugc/17051544059856308019/D89300C17A161033C5ED508A7F0DA159CCA83E62/,
DeckCustom#9f1df4,17714,1,177,1,3,10x7,,,,,,httpssteamusercontentaakamaihdnetugc17051544059856308019D89300C17A161033C5ED508A7F0DA159CCA83E62.png,httpssteamusercontentaakamaihdnetugc1054492056078202853387A3947590FDC31D60754C09262C81542AF7372A.png,https://steamusercontent-a.akamaihd.net/ugc/17051544059856308019/D89300C17A161033C5ED508A7F0DA159CCA83E62/,
DeckCustom#9f1df4,17715,1,177,1,4,10x7,,,,,,httpssteamusercontentaakamaihdnetugc17051544059856308019D89300C17A161033C5ED508A7F0DA159CCA83E62.png,httpssteamusercontentaakamaihdnetugc1054492056078202853387A3947590FDC31D60754C09262C81542AF7372A.png,https://steamusercontent-a.akamaihd.net/ugc/17051544059856308019/D89300C17A161033C5ED508A7F0DA159CCA83E62/,
DeckCustom#9f1df4,17716,1,177,1,5,10x7,,,,,,httpssteamusercontentaakamaihdnetugc17051544059856308019D89300C17A161033C5ED508A7F0DA159CCA83E62.png,httpssteamusercontentaakamaihdnetugc1054492056078202853387A3947590FDC31D60754C09262C81542AF7372A.png,https://steamusercontent-a.akamaihd.net/ugc/17051544059856308019/D89300C17A161033C5ED508A7F0DA159CCA83E62/,
DeckCustom#9f1df4,17717,1,177,1,6,10x7,,,,,,httpssteamusercontentaakamaihdnetugc17051544059856308019D89300C17A161033C5ED508A7F0DA159CCA83E62.png,httpssteamusercontentaakamaihdnetugc1054492056078202853387A3947590FDC31D60754C09262C81542AF7372A.png,https://steamusercontent-a.akamaihd.net/ugc/17051544059856308019/D89300C17A161033C5ED508A7F0DA159CCA83E62/,
DeckCustom#9f1df4,17718,1,177,1,7,10x7,,,,,,httpssteamusercontentaakamaihdnetugc17051544059856308019D89300C17A161033C5ED508A7F0DA159CCA83E62.png,httpssteamusercontentaakamaihdnetugc1054492056078202853387A3947590FDC31D60754C09262C81542AF7372A.png,https://steamusercontent-a.akamaihd.net/ugc/17051544059856308019/D89300C17A161033C5ED508A7F0DA159CCA83E62/,
DeckCustom#9f1df4,17719,1,177,1,8,10x7,,,,,,httpssteamusercontentaakamaihdnetugc17051544059856308019D89300C17A161033C5ED508A7F0DA159CCA83E62.png,httpssteamusercontentaakamaihdnetugc1054492056078202853387A3947590FDC31D60754C09262C81542AF7372A.png,https://steamusercontent-a.akamaihd.net/ugc/17051544059856308019/D89300C17A161033C5ED508A7F0DA159CCA83E62/,
DeckCustom#9f1df4,17720,1,177,1,9,10x7,,,,,,httpssteamusercontentaakamaihdnetugc17051544059856308019D89300C17A161033C5ED508A7F0DA159CCA83E62.png,httpssteamusercontentaakamaihdnetugc1054492056078202853387A3947590FDC31D60754C09262C81542AF7372A.png,https://steamusercontent-a.akamaihd.net/ugc/17051544059856308019/D89300C17A161033C5ED508A7F0DA159CCA83E62/,
DeckCustom#9f1df4,17721,1,177,2,0,10x7,,,,,,httpssteamusercontentaakamaihdnetugc17051544059856308019D89300C17A161033C5ED508A7F0DA159CCA83E62.png,httpssteamusercontentaakamaihdnetugc1054492056078202853387A3947590FDC31D60754C09262C81542AF7372A.png,https://steamusercontent-a.akamaihd.net/ugc/17051544059856308019/D89300C17A161033C5ED508A7F0DA159CCA83E62/,
DeckCustom#9f1df4,17722,1,177,2,1,10x7,,,,,,httpssteamusercontentaakamaihdnetugc17051544059856308019D89300C17A161033C5ED508A7F0DA159CCA83E62.png,httpssteamusercontentaakamaihdnetugc1054492056078202853387A3947590FDC31D60754C09262C81542AF7372A.png,https://steamusercontent-a.akamaihd.net/ugc/17051544059856308019/D89300C17A161033C5ED508A7F0DA159CCA83E62/,
DeckCustom#9f1df4,17723,1,177,2,2,10x7,,,,,,httpssteamusercontentaakamaihdnetugc17051544059856308019D89300C17A161033C5ED508A7F0DA159CCA83E62.png,httpssteamusercontentaakamaihdnetugc1054492056078202853387A3947590FDC31D60754C09262C81542AF7372A.png,https://steamusercontent-a.akamaihd.net/ugc/17051544059856308019/D89300C17A161033C5ED508A7F0DA159CCA83E62/,
DeckCustom#9f1df4,17724,1,177,2,3,10x7,,,,,,httpssteamusercontentaakamaihdnetugc17051544059856308019D89300C17A161033C5ED508A7F0DA159CCA83E62.png,httpssteamusercontentaakamaihdnetugc1054492056078202853387A3947590FDC31D60754C09262C81542AF7372A.png,https://steamusercontent-a.akamaihd.net/ugc/17051544059856308019/D89300C17A161033C5ED508A7F0DA159CCA83E62/,
DeckCustom#9f1df4,17725,1,177,2,4,10x7,,,,,,httpssteamusercontentaakamaihdnetugc17051544059856308019D89300C17A161033C5ED508A7F0DA159CCA83E62.png,httpssteamusercontentaakamaihdnetugc1054492056078202853387A3947590FDC31D60754C09262C81542AF7372A.png,https://steamusercontent-a.akamaihd.net/ugc/17051544059856308019/D89300C17A161033C5ED508A7F0DA159CCA83E62/,
DeckCustom#9f1df4,17726,1,177,2,5,10x7,,,,,,httpssteamusercontentaakamaihdnetugc17051544059856308019D89300C17A161033C5ED508A7F0DA159CCA83E62.png,httpssteamusercontentaakamaihdnetugc1054492056078202853387A3947590FDC31D60754C09262C81542AF7372A.png,https://steamusercontent-a.akamaihd.net/ugc/17051544059856308019/D89300C17A161033C5ED508A7F0DA159CCA83E62/,
DeckCustom#9f1df4,17727,1,177,2,6,10x7,,,,,,httpssteamusercontentaakamaihdnetugc17051544059856308019D89300C17A161033C5ED508A7F0DA159CCA83E62.png,httpssteamusercontentaakamaihdnetugc1054492056078202853387A3947590FDC31D60754C09262C81542AF7372A.png,https://steamusercontent-a.akamaihd.net/ugc/17051544059856308019/D89300C17A161033C5ED508A7F0DA159CCA83E62/,
DeckCustom#9f1df4,17728,1,177,2,7,10x7,,,,,,httpssteamusercontentaakamaihdnetugc17051544059856308019D89300C17A161033C5ED508A7F0DA159CCA83E62.png,httpssteamusercontentaakamaihdnetugc1054492056078202853387A3947590FDC31D60754C09262C81542AF7372A.png,https://steamusercontent-a.akamaihd.net/ugc/17051544059856308019/D89300C17A161033C5ED508A7F0DA159CCA83E62/,
DeckCustom#9f1df4,17729,1,177,2,8,10x7,,,,,,httpssteamusercontentaakamaihdnetugc17051544059856308019D89300C17A161033C5ED508A7F0DA159CCA83E62.png,httpssteamusercontentaakamaihdnetugc1054492056078202853387A3947590FDC31D60754C09262C81542AF7372A.png,https://steamusercontent-a.akamaihd.net/ugc/17051544059856308019/D89300C17A161033C5ED508A7F0DA159CCA83E62/,
DeckCustom#9f1df4,17730,1,177,2,9,10x7,,,,,,httpssteamusercontentaakamaihdnetugc17051544059856308019D89300C17A161033C5ED508A7F0DA159CCA83E62.png,httpssteamusercontentaakamaihdnetugc1054492056078202853387A3947590FDC31D60754C09262C81542AF7372A.png,https://steamusercontent-a.akamaihd.net/ugc/17051544059856308019/D89300C17A161033C5ED508A7F0DA159CCA83E62/,
DeckCustom#9f1df4,17731,1,177,3,0,10x7,,,,,,httpssteamusercontentaakamaihdnetugc17051544059856308019D89300C17A161033C5ED508A7F0DA159CCA83E62.png,httpssteamusercontentaakamaihdnetugc1054492056078202853387A3947590FDC31D60754C09262C81542AF7372A.png,https://steamusercontent-a.akamaihd.net/ugc/17051544059856308019/D89300C17A161033C5ED508A7F0DA159CCA83E62/,
DeckCustom#9f1df4,17732,1,177,3,1,10x7,,,,,,httpssteamusercontentaakamaihdnetugc17051544059856308019D89300C17A161033C5ED508A7F0DA159CCA83E62.png,httpssteamusercontentaakamaihdnetugc1054492056078202853387A3947590FDC31D60754C09262C81542AF7372A.png,https://steamusercontent-a.akamaihd.net/ugc/17051544059856308019/D89300C17A161033C5ED508A7F0DA159CCA83E62/,
DeckCustom#9f1df4,17733,1,177,3,2,10x7,,,,,,httpssteamusercontentaakamaihdnetugc17051544059856308019D89300C17A161033C5ED508A7F0DA159CCA83E62.png,httpssteamusercontentaakamaihdnetugc1054492056078202853387A3947590FDC31D60754C09262C81542AF7372A.png,https://steamusercontent-a.akamaihd.net/ugc/17051544059856308019/D89300C17A161033C5ED508A7F0DA159CCA83E62/,
DeckCustom#9f1df4,17734,1,177,3,3,10x7,,,,,,httpssteamusercontentaakamaihdnetugc17051544059856308019D89300C17A161033C5ED508A7F0DA159CCA83E62.png,httpssteamusercontentaakamaihdnetugc1054492056078202853387A3947590FDC31D60754C09262C81542AF7372A.png,https://steamusercontent-a.akamaihd.net/ugc/17051544059856308019/D89300C17A161033C5ED508A7F0DA159CCA83E62/,
DeckCustom#9f1df4,17735,1,177,3,4,10x7,,,,,,httpssteamusercontentaakamaihdnetugc17051544059856308019D89300C17A161033C5ED508A7F0DA159CCA83E62.png,httpssteamusercontentaakamaihdnetugc1054492056078202853387A3947590FDC31D60754C09262C81542AF7372A.png,https://steamusercontent-a.akamaihd.net/ugc/17051544059856308019/D89300C17A161033C5ED508A7F0DA159CCA83E62/,
DeckCustom#9f1df4,17736,1,177,3,5,10x7,,,,,,httpssteamusercontentaakamaihdnetugc17051544059856308019D89300C17A161033C5ED508A7F0DA159CCA83E62.png,httpssteamusercontentaakamaihdnetugc1054492056078202853387A3947590FDC31D60754C09262C81542AF7372A.png,https://steamusercontent-a.akamaihd.net/ugc/17051544059856308019/D89300C17A161033C5ED508A7F0DA159CCA83E62/,
DeckCustom#9f1df4,17737,1,177,3,6,10x7,,,,,,httpssteamusercontentaakamaihdnetugc17051544059856308019D89300C17A161033C5ED508A7F0DA159CCA83E62.png,httpssteamusercontentaakamaihdnetugc1054492056078202853387A3947590FDC31D60754C09262C81542AF7372A.png,https://steamusercontent-a.akamaihd.net/ugc/17051544059856308019/D89300C17A161033C5ED508A7F0DA159CCA83E62/,
DeckCustom#9f1df4,17738,1,177,3,7,10x7,,,,,,httpssteamusercontentaakamaihdnetugc17051544059856308019D89300C17A161033C5ED508A7F0DA159CCA83E62.png,httpssteamusercontentaakamaihdnetugc1054492056078202853387A3947590FDC31D60754C09262C81542AF7372A.png,https://steamusercontent-a.akamaihd.net/ugc/17051544059856308019/D89300C17A161033C5ED508A7F0DA159CCA83E62/,
DeckCustom#9f1df4,17739,1,177,3,8,10x7,,,,,,httpssteamusercontentaakamaihdnetugc17051544059856308019D89300C17A161033C5ED508A7F0DA159CCA83E62.png,httpssteamusercontentaakamaihdnetugc1054492056078202853387A3947590FDC31D60754C09262C81542AF7372A.png,https://steamusercontent-a.akamaihd.net/ugc/17051544059856308019/D89300C17A161033C5ED508A7F0DA159CCA83E62/,
DeckCustom#9f1df4,17740,1,177,3,9,10x7,,,,,,httpssteamusercontentaakamaihdnetugc17051544059856308019D89300C17A161033C5ED508A7F0DA159CCA83E62.png,httpssteamusercontentaakamaihdnetugc1054492056078202853387A3947590FDC31D60754C09262C81542AF7372A.png,https://steamusercontent-a.akamaihd.net/ugc/17051544059856308019/D89300C17A161033C5ED508A7F0DA159CCA83E62/,
DeckCustom#9f1df4,17741,1,177,4,0,10x7,,,,,,httpssteamusercontentaakamaihdnetugc17051544059856308019D89300C17A161033C5ED508A7F0DA159CCA83E62.png,httpssteamusercontentaakamaihdnetugc1054492056078202853387A3947590FDC31D60754C09262C81542AF7372A.png,https://steamusercontent-a.akamaihd.net/ugc/17051544059856308019/D89300C17A161033C5ED508A7F0DA159CCA83E62/,
DeckCustom#9f1df4,17742,1,177,4,1,10x7,,,,,,httpssteamusercontentaakamaihdnetugc17051544059856308019D89300C17A161033C5ED508A7F0DA159CCA83E62.png,httpssteamusercontentaakamaihdnetugc1054492056078202853387A3947590FDC31D60754C09262C81542AF7372A.png,https://steamusercontent-a.akamaihd.net/ugc/17051544059856308019/D89300C17A161033C5ED508A7F0DA159CCA83E62/,
DeckCustom#9f1df4,17743,1,177,4,2,10x7,,,,,,httpssteamusercontentaakamaihdnetugc17051544059856308019D89300C17A161033C5ED508A7F0DA159CCA83E62.png,httpssteamusercontentaakamaihdnetugc1054492056078202853387A3947590FDC31D60754C09262C81542AF7372A.png,https://steamusercontent-a.akamaihd.net/ugc/17051544059856308019/D89300C17A161033C5ED508A7F0DA159CCA83E62/,
DeckCustom#9f1df4,17744,1,177,4,3,10x7,,,,,,httpssteamusercontentaakamaihdnetugc17051544059856308019D89300C17A161033C5ED508A7F0DA159CCA83E62.png,httpssteamusercontentaakamaihdnetugc1054492056078202853387A3947590FDC31D60754C09262C81542AF7372A.png,https://steamusercontent-a.akamaihd.net/ugc/17051544059856308019/D89300C17A161033C5ED508A7F0DA159CCA83E62/,
DeckCustom#9f1df4,17745,1,177,4,4,10x7,,,,,,httpssteamusercontentaakamaihdnetugc17051544059856308019D89300C17A161033C5ED508A7F0DA159CCA83E62.png,httpssteamusercontentaakamaihdnetugc1054492056078202853387A3947590FDC31D60754C09262C81542AF7372A.png,https://steamusercontent-a.akamaihd.net/ugc/17051544059856308019/D89300C17A161033C5ED508A7F0DA159CCA83E62/,
DeckCustom#9f1df4,17746,1,177,4,5,10x7,,,,,,httpssteamusercontentaakamaihdnetugc17051544059856308019D89300C17A161033C5ED508A7F0DA159CCA83E62.png,httpssteamusercontentaakamaihdnetugc1054492056078202853387A3947590FDC31D60754C09262C81542AF7372A.png,https://steamusercontent-a.akamaihd.net/ugc/17051544059856308019/D89300C17A161033C5ED508A7F0DA159CCA83E62/,
DeckCustom#9f1df4,17747,1,177,4,6,10x7,,,,,,httpssteamusercontentaakamaihdnetugc17051544059856308019D89300C17A161033C5ED508A7F0DA159CCA83E62.png,httpssteamusercontentaakamaihdnetugc1054492056078202853387A3947590FDC31D60754C09262C81542AF7372A.png,https://steamusercontent-a.akamaihd.net/ugc/17051544059856308019/D89300C17A161033C5ED508A7F0DA159CCA83E62/,
DeckCustom#9f1df4,17748,1,177,4,7,10x7,,,,,,httpssteamusercontentaakamaihdnetugc17051544059856308019D89300C17A161033C5ED508A7F0DA159CCA83E62.png,httpssteamusercontentaakamaihdnetugc1054492056078202853387A3947590FDC31D60754C09262C81542AF7372A.png,https://steamusercontent-a.akamaihd.net/ugc/17051544059856308019/D89300C17A161033C5ED508A7F0DA159CCA83E62/,
DeckCustom#9f1df4,17749,1,177,4,8,10x7,,,,,,httpssteamusercontentaakamaihdnetugc17051544059856308019D89300C17A161033C5ED508A7F0DA159CCA83E62.png,httpssteamusercontentaakamaihdnetugc1054492056078202853387A3947590FDC31D60754C09262C81542AF7372A.png,https://steamusercontent-a.akamaihd.net/ugc/17051544059856308019/D89300C17A161033C5ED508A7F0DA159CCA83E62/,
DeckCustom#63e24d,17800,9,178,-1,-1,10x7,,,,,,httpssteamusercontentaakamaihdnetugc119635783762216075881F4240A43352DB1894A2F9B022F058E871E6F23C.png,httpssteamusercontentaakamaihdnetugc12636033598014099589E8FD1C6098B58ED175C428F35F375807E91D890D.png,https://steamusercontent-a.akamaihd.net/ugc/11963578376221607588/1F4240A43352DB1894A2F9B022F058E871E6F23C/,
Deck#d5cad1,17800,1,178,-1,-1,10x7,,,,,,httpssteamusercontentaakamaihdnetugc119635783762216075881F4240A43352DB1894A2F9B022F058E871E6F23C.png,httpssteamusercontentaakamaihdnetugc12636033598014099589E8FD1C6098B58ED175C428F35F375807E91D890D.png,https://steamusercontent-a.akamaihd.net/ugc/11963578376221607588/1F4240A43352DB1894A2F9B022F058E871E6F23C/,
DeckCustom#63e24d,17801,7,178,0,0,10x7,,,,,,httpssteamusercontentaakamaihdnetugc119635783762216075881F4240A43352DB1894A2F9B022F058E871E6F23C.png,httpssteamusercontentaakamaihdnetugc12636033598014099589E8FD1C6098B58ED175C428F35F375807E91D890D.png,https://steamusercontent-a.akamaihd.net/ugc/11963578376221607588/1F4240A43352DB1894A2F9B022F058E871E6F23C/,
DeckCustom#63e24d,17802,1,178,0,1,10x7,,,,,,httpssteamusercontentaakamaihdnetugc119635783762216075881F4240A43352DB1894A2F9B022F058E871E6F23C.png,httpssteamusercontentaakamaihdnetugc12636033598014099589E8FD1C6098B58ED175C428F35F375807E91D890D.png,https://steamusercontent-a.akamaihd.net/ugc/11963578376221607588/1F4240A43352DB1894A2F9B022F058E871E6F23C/,
DeckCustom#63e24d,17803,2,178,0,2,10x7,,,,,,httpssteamusercontentaakamaihdnetugc119635783762216075881F4240A43352DB1894A2F9B022F058E871E6F23C.png,httpssteamusercontentaakamaihdnetugc12636033598014099589E8FD1C6098B58ED175C428F35F375807E91D890D.png,https://steamusercontent-a.akamaihd.net/ugc/11963578376221607588/1F4240A43352DB1894A2F9B022F058E871E6F23C/,
DeckCustom#63e24d,17804,3,178,0,3,10x7,,,,,,httpssteamusercontentaakamaihdnetugc119635783762216075881F4240A43352DB1894A2F9B022F058E871E6F23C.png,httpssteamusercontentaakamaihdnetugc12636033598014099589E8FD1C6098B58ED175C428F35F375807E91D890D.png,https://steamusercontent-a.akamaihd.net/ugc/11963578376221607588/1F4240A43352DB1894A2F9B022F058E871E6F23C/,
DeckCustom#63e24d,17805,1,178,0,4,10x7,,,,,,httpssteamusercontentaakamaihdnetugc119635783762216075881F4240A43352DB1894A2F9B022F058E871E6F23C.png,httpssteamusercontentaakamaihdnetugc12636033598014099589E8FD1C6098B58ED175C428F35F375807E91D890D.png,https://steamusercontent-a.akamaihd.net/ugc/11963578376221607588/1F4240A43352DB1894A2F9B022F058E871E6F23C/,
DeckCustom#63e24d,17806,1,178,0,5,10x7,,,,,,httpssteamusercontentaakamaihdnetugc119635783762216075881F4240A43352DB1894A2F9B022F058E871E6F23C.png,httpssteamusercontentaakamaihdnetugc12636033598014099589E8FD1C6098B58ED175C428F35F375807E91D890D.png,https://steamusercontent-a.akamaihd.net/ugc/11963578376221607588/1F4240A43352DB1894A2F9B022F058E871E6F23C/,
DeckCustom#63e24d,17807,1,178,0,6,10x7,,,,,,httpssteamusercontentaakamaihdnetugc119635783762216075881F4240A43352DB1894A2F9B022F058E871E6F23C.png,httpssteamusercontentaakamaihdnetugc12636033598014099589E8FD1C6098B58ED175C428F35F375807E91D890D.png,https://steamusercontent-a.akamaihd.net/ugc/11963578376221607588/1F4240A43352DB1894A2F9B022F058E871E6F23C/,
DeckCustom#63e24d,17808,1,178,0,7,10x7,,,,,,httpssteamusercontentaakamaihdnetugc119635783762216075881F4240A43352DB1894A2F9B022F058E871E6F23C.png,httpssteamusercontentaakamaihdnetugc12636033598014099589E8FD1C6098B58ED175C428F35F375807E91D890D.png,https://steamusercontent-a.akamaihd.net/ugc/11963578376221607588/1F4240A43352DB1894A2F9B022F058E871E6F23C/,
DeckCustom#63e24d,17809,1,178,0,8,10x7,,,,,,httpssteamusercontentaakamaihdnetugc119635783762216075881F4240A43352DB1894A2F9B022F058E871E6F23C.png,httpssteamusercontentaakamaihdnetugc12636033598014099589E8FD1C6098B58ED175C428F35F375807E91D890D.png,https://steamusercontent-a.akamaihd.net/ugc/11963578376221607588/1F4240A43352DB1894A2F9B022F058E871E6F23C/,
DeckCustom#63e24d,17810,1,178,0,9,10x7,,,,,,httpssteamusercontentaakamaihdnetugc119635783762216075881F4240A43352DB1894A2F9B022F058E871E6F23C.png,httpssteamusercontentaakamaihdnetugc12636033598014099589E8FD1C6098B58ED175C428F35F375807E91D890D.png,https://steamusercontent-a.akamaihd.net/ugc/11963578376221607588/1F4240A43352DB1894A2F9B022F058E871E6F23C/,
DeckCustom#63e24d,17811,1,178,1,0,10x7,,,,,,httpssteamusercontentaakamaihdnetugc119635783762216075881F4240A43352DB1894A2F9B022F058E871E6F23C.png,httpssteamusercontentaakamaihdnetugc12636033598014099589E8FD1C6098B58ED175C428F35F375807E91D890D.png,https://steamusercontent-a.akamaihd.net/ugc/11963578376221607588/1F4240A43352DB1894A2F9B022F058E871E6F23C/,
DeckCustom#63e24d,17812,1,178,1,1,10x7,,,,,,httpssteamusercontentaakamaihdnetugc119635783762216075881F4240A43352DB1894A2F9B022F058E871E6F23C.png,httpssteamusercontentaakamaihdnetugc12636033598014099589E8FD1C6098B58ED175C428F35F375807E91D890D.png,https://steamusercontent-a.akamaihd.net/ugc/11963578376221607588/1F4240A43352DB1894A2F9B022F058E871E6F23C/,
DeckCustom#63e24d,17813,1,178,1,2,10x7,,,,,,httpssteamusercontentaakamaihdnetugc119635783762216075881F4240A43352DB1894A2F9B022F058E871E6F23C.png,httpssteamusercontentaakamaihdnetugc12636033598014099589E8FD1C6098B58ED175C428F35F375807E91D890D.png,https://steamusercontent-a.akamaihd.net/ugc/11963578376221607588/1F4240A43352DB1894A2F9B022F058E871E6F23C/,
DeckCustom#63e24d,17814,1,178,1,3,10x7,,,,,,httpssteamusercontentaakamaihdnetugc119635783762216075881F4240A43352DB1894A2F9B022F058E871E6F23C.png,httpssteamusercontentaakamaihdnetugc12636033598014099589E8FD1C6098B58ED175C428F35F375807E91D890D.png,https://steamusercontent-a.akamaihd.net/ugc/11963578376221607588/1F4240A43352DB1894A2F9B022F058E871E6F23C/,
DeckCustom#63e24d,17815,1,178,1,4,10x7,,,,,,httpssteamusercontentaakamaihdnetugc119635783762216075881F4240A43352DB1894A2F9B022F058E871E6F23C.png,httpssteamusercontentaakamaihdnetugc12636033598014099589E8FD1C6098B58ED175C428F35F375807E91D890D.png,https://steamusercontent-a.akamaihd.net/ugc/11963578376221607588/1F4240A43352DB1894A2F9B022F058E871E6F23C/,
DeckCustom#63e24d,17816,1,178,1,5,10x7,,,,,,httpssteamusercontentaakamaihdnetugc119635783762216075881F4240A43352DB1894A2F9B022F058E871E6F23C.png,httpssteamusercontentaakamaihdnetugc12636033598014099589E8FD1C6098B58ED175C428F35F375807E91D890D.png,https://steamusercontent-a.akamaihd.net/ugc/11963578376221607588/1F4240A43352DB1894A2F9B022F058E871E6F23C/,
DeckCustom#63e24d,17817,1,178,1,6,10x7,,,,,,httpssteamusercontentaakamaihdnetugc119635783762216075881F4240A43352DB1894A2F9B022F058E871E6F23C.png,httpssteamusercontentaakamaihdnetugc12636033598014099589E8FD1C6098B58ED175C428F35F375807E91D890D.png,https://steamusercontent-a.akamaihd.net/ugc/11963578376221607588/1F4240A43352DB1894A2F9B022F058E871E6F23C/,
DeckCustom#63e24d,17818,1,178,1,7,10x7,,,,,,httpssteamusercontentaakamaihdnetugc119635783762216075881F4240A43352DB1894A2F9B022F058E871E6F23C.png,httpssteamusercontentaakamaihdnetugc12636033598014099589E8FD1C6098B58ED175C428F35F375807E91D890D.png,https://steamusercontent-a.akamaihd.net/ugc/11963578376221607588/1F4240A43352DB1894A2F9B022F058E871E6F23C/,
DeckCustom#63e24d,17819,1,178,1,8,10x7,,,,,,httpssteamusercontentaakamaihdnetugc119635783762216075881F4240A43352DB1894A2F9B022F058E871E6F23C.png,httpssteamusercontentaakamaihdnetugc12636033598014099589E8FD1C6098B58ED175C428F35F375807E91D890D.png,https://steamusercontent-a.akamaihd.net/ugc/11963578376221607588/1F4240A43352DB1894A2F9B022F058E871E6F23C/,
DeckCustom#63e24d,17820,1,178,1,9,10x7,,,,,,httpssteamusercontentaakamaihdnetugc119635783762216075881F4240A43352DB1894A2F9B022F058E871E6F23C.png,httpssteamusercontentaakamaihdnetugc12636033598014099589E8FD1C6098B58ED175C428F35F375807E91D890D.png,https://steamusercontent-a.akamaihd.net/ugc/11963578376221607588/1F4240A43352DB1894A2F9B022F058E871E6F23C/,
DeckCustom#63e24d,17821,1,178,2,0,10x7,,,,,,httpssteamusercontentaakamaihdnetugc119635783762216075881F4240A43352DB1894A2F9B022F058E871E6F23C.png,httpssteamusercontentaakamaihdnetugc12636033598014099589E8FD1C6098B58ED175C428F35F375807E91D890D.png,https://steamusercontent-a.akamaihd.net/ugc/11963578376221607588/1F4240A43352DB1894A2F9B022F058E871E6F23C/,
DeckCustom#63e24d,17822,1,178,2,1,10x7,,,,,,httpssteamusercontentaakamaihdnetugc119635783762216075881F4240A43352DB1894A2F9B022F058E871E6F23C.png,httpssteamusercontentaakamaihdnetugc12636033598014099589E8FD1C6098B58ED175C428F35F375807E91D890D.png,https://steamusercontent-a.akamaihd.net/ugc/11963578376221607588/1F4240A43352DB1894A2F9B022F058E871E6F23C/,
DeckCustom#63e24d,17823,1,178,2,2,10x7,,,,,,httpssteamusercontentaakamaihdnetugc119635783762216075881F4240A43352DB1894A2F9B022F058E871E6F23C.png,httpssteamusercontentaakamaihdnetugc12636033598014099589E8FD1C6098B58ED175C428F35F375807E91D890D.png,https://steamusercontent-a.akamaihd.net/ugc/11963578376221607588/1F4240A43352DB1894A2F9B022F058E871E6F23C/,
Deck#d5cad1,17824,1,178,2,3,10x7,,,,,,httpssteamusercontentaakamaihdnetugc119635783762216075881F4240A43352DB1894A2F9B022F058E871E6F23C.png,httpssteamusercontentaakamaihdnetugc12636033598014099589E8FD1C6098B58ED175C428F35F375807E91D890D.png,https://steamusercontent-a.akamaihd.net/ugc/11963578376221607588/1F4240A43352DB1894A2F9B022F058E871E6F23C/,
DeckCustom#63e24d,17825,1,178,2,4,10x7,,,,,,httpssteamusercontentaakamaihdnetugc119635783762216075881F4240A43352DB1894A2F9B022F058E871E6F23C.png,httpssteamusercontentaakamaihdnetugc12636033598014099589E8FD1C6098B58ED175C428F35F375807E91D890D.png,https://steamusercontent-a.akamaihd.net/ugc/11963578376221607588/1F4240A43352DB1894A2F9B022F058E871E6F23C/,
DeckCustom#63e24d,17826,1,178,2,5,10x7,,,,,,httpssteamusercontentaakamaihdnetugc119635783762216075881F4240A43352DB1894A2F9B022F058E871E6F23C.png,httpssteamusercontentaakamaihdnetugc12636033598014099589E8FD1C6098B58ED175C428F35F375807E91D890D.png,https://steamusercontent-a.akamaihd.net/ugc/11963578376221607588/1F4240A43352DB1894A2F9B022F058E871E6F23C/,
DeckCustom#63e24d,17827,1,178,2,6,10x7,,,,,,httpssteamusercontentaakamaihdnetugc119635783762216075881F4240A43352DB1894A2F9B022F058E871E6F23C.png,httpssteamusercontentaakamaihdnetugc12636033598014099589E8FD1C6098B58ED175C428F35F375807E91D890D.png,https://steamusercontent-a.akamaihd.net/ugc/11963578376221607588/1F4240A43352DB1894A2F9B022F058E871E6F23C/,
DeckCustom#63e24d,17828,1,178,2,7,10x7,,,,,,httpssteamusercontentaakamaihdnetugc119635783762216075881F4240A43352DB1894A2F9B022F058E871E6F23C.png,httpssteamusercontentaakamaihdnetugc12636033598014099589E8FD1C6098B58ED175C428F35F375807E91D890D.png,https://steamusercontent-a.akamaihd.net/ugc/11963578376221607588/1F4240A43352DB1894A2F9B022F058E871E6F23C/,
DeckCustom#63e24d,17829,1,178,2,8,10x7,,,,,,httpssteamusercontentaakamaihdnetugc119635783762216075881F4240A43352DB1894A2F9B022F058E871E6F23C.png,httpssteamusercontentaakamaihdnetugc12636033598014099589E8FD1C6098B58ED175C428F35F375807E91D890D.png,https://steamusercontent-a.akamaihd.net/ugc/11963578376221607588/1F4240A43352DB1894A2F9B022F058E871E6F23C/,
DeckCustom#63e24d,17830,1,178,2,9,10x7,,,,,,httpssteamusercontentaakamaihdnetugc119635783762216075881F4240A43352DB1894A2F9B022F058E871E6F23C.png,httpssteamusercontentaakamaihdnetugc12636033598014099589E8FD1C6098B58ED175C428F35F375807E91D890D.png,https://steamusercontent-a.akamaihd.net/ugc/11963578376221607588/1F4240A43352DB1894A2F9B022F058E871E6F23C/,
DeckCustom#63e24d,17831,1,178,3,0,10x7,,,,,,httpssteamusercontentaakamaihdnetugc119635783762216075881F4240A43352DB1894A2F9B022F058E871E6F23C.png,httpssteamusercontentaakamaihdnetugc12636033598014099589E8FD1C6098B58ED175C428F35F375807E91D890D.png,https://steamusercontent-a.akamaihd.net/ugc/11963578376221607588/1F4240A43352DB1894A2F9B022F058E871E6F23C/,
DeckCustom#63e24d,17832,1,178,3,1,10x7,,,,,,httpssteamusercontentaakamaihdnetugc119635783762216075881F4240A43352DB1894A2F9B022F058E871E6F23C.png,httpssteamusercontentaakamaihdnetugc12636033598014099589E8FD1C6098B58ED175C428F35F375807E91D890D.png,https://steamusercontent-a.akamaihd.net/ugc/11963578376221607588/1F4240A43352DB1894A2F9B022F058E871E6F23C/,
DeckCustom#63e24d,17833,1,178,3,2,10x7,,,,,,httpssteamusercontentaakamaihdnetugc119635783762216075881F4240A43352DB1894A2F9B022F058E871E6F23C.png,httpssteamusercontentaakamaihdnetugc12636033598014099589E8FD1C6098B58ED175C428F35F375807E91D890D.png,https://steamusercontent-a.akamaihd.net/ugc/11963578376221607588/1F4240A43352DB1894A2F9B022F058E871E6F23C/,
DeckCustom#63e24d,17834,1,178,3,3,10x7,,,,,,httpssteamusercontentaakamaihdnetugc119635783762216075881F4240A43352DB1894A2F9B022F058E871E6F23C.png,httpssteamusercontentaakamaihdnetugc12636033598014099589E8FD1C6098B58ED175C428F35F375807E91D890D.png,https://steamusercontent-a.akamaihd.net/ugc/11963578376221607588/1F4240A43352DB1894A2F9B022F058E871E6F23C/,
DeckCustom#63e24d,17835,1,178,3,4,10x7,,,,,,httpssteamusercontentaakamaihdnetugc119635783762216075881F4240A43352DB1894A2F9B022F058E871E6F23C.png,httpssteamusercontentaakamaihdnetugc12636033598014099589E8FD1C6098B58ED175C428F35F375807E91D890D.png,https://steamusercontent-a.akamaihd.net/ugc/11963578376221607588/1F4240A43352DB1894A2F9B022F058E871E6F23C/,
DeckCustom#63e24d,17836,1,178,3,5,10x7,,,,,,httpssteamusercontentaakamaihdnetugc119635783762216075881F4240A43352DB1894A2F9B022F058E871E6F23C.png,httpssteamusercontentaakamaihdnetugc12636033598014099589E8FD1C6098B58ED175C428F35F375807E91D890D.png,https://steamusercontent-a.akamaihd.net/ugc/11963578376221607588/1F4240A43352DB1894A2F9B022F058E871E6F23C/,
DeckCustom#63e24d,17837,1,178,3,6,10x7,,,,,,httpssteamusercontentaakamaihdnetugc119635783762216075881F4240A43352DB1894A2F9B022F058E871E6F23C.png,httpssteamusercontentaakamaihdnetugc12636033598014099589E8FD1C6098B58ED175C428F35F375807E91D890D.png,https://steamusercontent-a.akamaihd.net/ugc/11963578376221607588/1F4240A43352DB1894A2F9B022F058E871E6F23C/,
DeckCustom#63e24d,17838,1,178,3,7,10x7,,,,,,httpssteamusercontentaakamaihdnetugc119635783762216075881F4240A43352DB1894A2F9B022F058E871E6F23C.png,httpssteamusercontentaakamaihdnetugc12636033598014099589E8FD1C6098B58ED175C428F35F375807E91D890D.png,https://steamusercontent-a.akamaihd.net/ugc/11963578376221607588/1F4240A43352DB1894A2F9B022F058E871E6F23C/,
DeckCustom#63e24d,17839,1,178,3,8,10x7,,,,,,httpssteamusercontentaakamaihdnetugc119635783762216075881F4240A43352DB1894A2F9B022F058E871E6F23C.png,httpssteamusercontentaakamaihdnetugc12636033598014099589E8FD1C6098B58ED175C428F35F375807E91D890D.png,https://steamusercontent-a.akamaihd.net/ugc/11963578376221607588/1F4240A43352DB1894A2F9B022F058E871E6F23C/,
DeckCustom#63e24d,17840,1,178,3,9,10x7,,,,,,httpssteamusercontentaakamaihdnetugc119635783762216075881F4240A43352DB1894A2F9B022F058E871E6F23C.png,httpssteamusercontentaakamaihdnetugc12636033598014099589E8FD1C6098B58ED175C428F35F375807E91D890D.png,https://steamusercontent-a.akamaihd.net/ugc/11963578376221607588/1F4240A43352DB1894A2F9B022F058E871E6F23C/,
DeckCustom#63e24d,17841,1,178,4,0,10x7,,,,,,httpssteamusercontentaakamaihdnetugc119635783762216075881F4240A43352DB1894A2F9B022F058E871E6F23C.png,httpssteamusercontentaakamaihdnetugc12636033598014099589E8FD1C6098B58ED175C428F35F375807E91D890D.png,https://steamusercontent-a.akamaihd.net/ugc/11963578376221607588/1F4240A43352DB1894A2F9B022F058E871E6F23C/,
DeckCustom#63e24d,17842,1,178,4,1,10x7,,,,,,httpssteamusercontentaakamaihdnetugc119635783762216075881F4240A43352DB1894A2F9B022F058E871E6F23C.png,httpssteamusercontentaakamaihdnetugc12636033598014099589E8FD1C6098B58ED175C428F35F375807E91D890D.png,https://steamusercontent-a.akamaihd.net/ugc/11963578376221607588/1F4240A43352DB1894A2F9B022F058E871E6F23C/,
DeckCustom#63e24d,17843,1,178,4,2,10x7,,,,,,httpssteamusercontentaakamaihdnetugc119635783762216075881F4240A43352DB1894A2F9B022F058E871E6F23C.png,httpssteamusercontentaakamaihdnetugc12636033598014099589E8FD1C6098B58ED175C428F35F375807E91D890D.png,https://steamusercontent-a.akamaihd.net/ugc/11963578376221607588/1F4240A43352DB1894A2F9B022F058E871E6F23C/,
DeckCustom#63e24d,17844,1,178,4,3,10x7,,,,,,httpssteamusercontentaakamaihdnetugc119635783762216075881F4240A43352DB1894A2F9B022F058E871E6F23C.png,httpssteamusercontentaakamaihdnetugc12636033598014099589E8FD1C6098B58ED175C428F35F375807E91D890D.png,https://steamusercontent-a.akamaihd.net/ugc/11963578376221607588/1F4240A43352DB1894A2F9B022F058E871E6F23C/,
DeckCustom#63e24d,17845,1,178,4,4,10x7,,,,,,httpssteamusercontentaakamaihdnetugc119635783762216075881F4240A43352DB1894A2F9B022F058E871E6F23C.png,httpssteamusercontentaakamaihdnetugc12636033598014099589E8FD1C6098B58ED175C428F35F375807E91D890D.png,https://steamusercontent-a.akamaihd.net/ugc/11963578376221607588/1F4240A43352DB1894A2F9B022F058E871E6F23C/,
DeckCustom#63e24d,17846,1,178,4,5,10x7,,,,,,httpssteamusercontentaakamaihdnetugc119635783762216075881F4240A43352DB1894A2F9B022F058E871E6F23C.png,httpssteamusercontentaakamaihdnetugc12636033598014099589E8FD1C6098B58ED175C428F35F375807E91D890D.png,https://steamusercontent-a.akamaihd.net/ugc/11963578376221607588/1F4240A43352DB1894A2F9B022F058E871E6F23C/,
DeckCustom#63e24d,17847,1,178,4,6,10x7,,,,,,httpssteamusercontentaakamaihdnetugc119635783762216075881F4240A43352DB1894A2F9B022F058E871E6F23C.png,httpssteamusercontentaakamaihdnetugc12636033598014099589E8FD1C6098B58ED175C428F35F375807E91D890D.png,https://steamusercontent-a.akamaihd.net/ugc/11963578376221607588/1F4240A43352DB1894A2F9B022F058E871E6F23C/,
DeckCustom#63e24d,17848,1,178,4,7,10x7,,,,,,httpssteamusercontentaakamaihdnetugc119635783762216075881F4240A43352DB1894A2F9B022F058E871E6F23C.png,httpssteamusercontentaakamaihdnetugc12636033598014099589E8FD1C6098B58ED175C428F35F375807E91D890D.png,https://steamusercontent-a.akamaihd.net/ugc/11963578376221607588/1F4240A43352DB1894A2F9B022F058E871E6F23C/,
DeckCustom#63e24d,17849,1,178,4,8,10x7,,,,,,httpssteamusercontentaakamaihdnetugc119635783762216075881F4240A43352DB1894A2F9B022F058E871E6F23C.png,httpssteamusercontentaakamaihdnetugc12636033598014099589E8FD1C6098B58ED175C428F35F375807E91D890D.png,https://steamusercontent-a.akamaihd.net/ugc/11963578376221607588/1F4240A43352DB1894A2F9B022F058E871E6F23C/,
Deck#ec9c29,17900,1,179,-1,-1,10x7,,,,,,httpssteamusercontentaakamaihdnetugc9343115057526176506D4FE2C276DEF85E29F6EB22E8A8B3306A907C083.png,httpssteamusercontentaakamaihdnetugc12636033598014099589E8FD1C6098B58ED175C428F35F375807E91D890D.png,https://steamusercontent-a.akamaihd.net/ugc/9343115057526176506/D4FE2C276DEF85E29F6EB22E8A8B3306A907C083/,
Deck#ec9c29,17901,1,179,0,0,10x7,,,,,,httpssteamusercontentaakamaihdnetugc9343115057526176506D4FE2C276DEF85E29F6EB22E8A8B3306A907C083.png,httpssteamusercontentaakamaihdnetugc12636033598014099589E8FD1C6098B58ED175C428F35F375807E91D890D.png,https://steamusercontent-a.akamaihd.net/ugc/9343115057526176506/D4FE2C276DEF85E29F6EB22E8A8B3306A907C083/,
Deck#ec9c29,17902,1,179,0,1,10x7,,,,,,httpssteamusercontentaakamaihdnetugc9343115057526176506D4FE2C276DEF85E29F6EB22E8A8B3306A907C083.png,httpssteamusercontentaakamaihdnetugc12636033598014099589E8FD1C6098B58ED175C428F35F375807E91D890D.png,https://steamusercontent-a.akamaihd.net/ugc/9343115057526176506/D4FE2C276DEF85E29F6EB22E8A8B3306A907C083/,
DeckCustom#6b8015,18000,1,180,-1,-1,10x7,,,,,,httpssteamusercontentaakamaihdnetugc171481485139409225925ED972413ED8832D53D2D636EC34B29A0E2AD20D.png,httpssteamusercontentaakamaihdnetugc16276969961787138688898B3C0151A03AFBF84E44CEADE9DA7A12465F12.png,https://steamusercontent-a.akamaihd.net/ugc/17148148513940922592/5ED972413ED8832D53D2D636EC34B29A0E2AD20D/,
DeckCustom#6b8015,18001,1,180,0,0,10x7,,,,,,httpssteamusercontentaakamaihdnetugc171481485139409225925ED972413ED8832D53D2D636EC34B29A0E2AD20D.png,httpssteamusercontentaakamaihdnetugc16276969961787138688898B3C0151A03AFBF84E44CEADE9DA7A12465F12.png,https://steamusercontent-a.akamaihd.net/ugc/17148148513940922592/5ED972413ED8832D53D2D636EC34B29A0E2AD20D/,
DeckCustom#6b8015,18002,1,180,0,1,10x7,,,,,,httpssteamusercontentaakamaihdnetugc171481485139409225925ED972413ED8832D53D2D636EC34B29A0E2AD20D.png,httpssteamusercontentaakamaihdnetugc16276969961787138688898B3C0151A03AFBF84E44CEADE9DA7A12465F12.png,https://steamusercontent-a.akamaihd.net/ugc/17148148513940922592/5ED972413ED8832D53D2D636EC34B29A0E2AD20D/,
DeckCustom#6b8015,18003,1,180,0,2,10x7,,,,,,httpssteamusercontentaakamaihdnetugc171481485139409225925ED972413ED8832D53D2D636EC34B29A0E2AD20D.png,httpssteamusercontentaakamaihdnetugc16276969961787138688898B3C0151A03AFBF84E44CEADE9DA7A12465F12.png,https://steamusercontent-a.akamaihd.net/ugc/17148148513940922592/5ED972413ED8832D53D2D636EC34B29A0E2AD20D/,
DeckCustom#6b8015,18004,1,180,0,3,10x7,,,,,,httpssteamusercontentaakamaihdnetugc171481485139409225925ED972413ED8832D53D2D636EC34B29A0E2AD20D.png,httpssteamusercontentaakamaihdnetugc16276969961787138688898B3C0151A03AFBF84E44CEADE9DA7A12465F12.png,https://steamusercontent-a.akamaihd.net/ugc/17148148513940922592/5ED972413ED8832D53D2D636EC34B29A0E2AD20D/,
DeckCustom#6b8015,18005,1,180,0,4,10x7,,,,,,httpssteamusercontentaakamaihdnetugc171481485139409225925ED972413ED8832D53D2D636EC34B29A0E2AD20D.png,httpssteamusercontentaakamaihdnetugc16276969961787138688898B3C0151A03AFBF84E44CEADE9DA7A12465F12.png,https://steamusercontent-a.akamaihd.net/ugc/17148148513940922592/5ED972413ED8832D53D2D636EC34B29A0E2AD20D/,
DeckCustom#6b8015,18006,1,180,0,5,10x7,,,,,,httpssteamusercontentaakamaihdnetugc171481485139409225925ED972413ED8832D53D2D636EC34B29A0E2AD20D.png,httpssteamusercontentaakamaihdnetugc16276969961787138688898B3C0151A03AFBF84E44CEADE9DA7A12465F12.png,https://steamusercontent-a.akamaihd.net/ugc/17148148513940922592/5ED972413ED8832D53D2D636EC34B29A0E2AD20D/,
DeckCustom#6b8015,18007,1,180,0,6,10x7,,,,,,httpssteamusercontentaakamaihdnetugc171481485139409225925ED972413ED8832D53D2D636EC34B29A0E2AD20D.png,httpssteamusercontentaakamaihdnetugc16276969961787138688898B3C0151A03AFBF84E44CEADE9DA7A12465F12.png,https://steamusercontent-a.akamaihd.net/ugc/17148148513940922592/5ED972413ED8832D53D2D636EC34B29A0E2AD20D/,
DeckCustom#6b8015,18008,1,180,0,7,10x7,,,,,,httpssteamusercontentaakamaihdnetugc171481485139409225925ED972413ED8832D53D2D636EC34B29A0E2AD20D.png,httpssteamusercontentaakamaihdnetugc16276969961787138688898B3C0151A03AFBF84E44CEADE9DA7A12465F12.png,https://steamusercontent-a.akamaihd.net/ugc/17148148513940922592/5ED972413ED8832D53D2D636EC34B29A0E2AD20D/,
DeckCustom#6b8015,18009,1,180,0,8,10x7,,,,,,httpssteamusercontentaakamaihdnetugc171481485139409225925ED972413ED8832D53D2D636EC34B29A0E2AD20D.png,httpssteamusercontentaakamaihdnetugc16276969961787138688898B3C0151A03AFBF84E44CEADE9DA7A12465F12.png,https://steamusercontent-a.akamaihd.net/ugc/17148148513940922592/5ED972413ED8832D53D2D636EC34B29A0E2AD20D/,
DeckCustom#6b8015,18010,1,180,0,9,10x7,,,,,,httpssteamusercontentaakamaihdnetugc171481485139409225925ED972413ED8832D53D2D636EC34B29A0E2AD20D.png,httpssteamusercontentaakamaihdnetugc16276969961787138688898B3C0151A03AFBF84E44CEADE9DA7A12465F12.png,https://steamusercontent-a.akamaihd.net/ugc/17148148513940922592/5ED972413ED8832D53D2D636EC34B29A0E2AD20D/,
DeckCustom#6b8015,18011,1,180,1,0,10x7,,,,,,httpssteamusercontentaakamaihdnetugc171481485139409225925ED972413ED8832D53D2D636EC34B29A0E2AD20D.png,httpssteamusercontentaakamaihdnetugc16276969961787138688898B3C0151A03AFBF84E44CEADE9DA7A12465F12.png,https://steamusercontent-a.akamaihd.net/ugc/17148148513940922592/5ED972413ED8832D53D2D636EC34B29A0E2AD20D/,
DeckCustom#6b8015,18012,1,180,1,1,10x7,,,,,,httpssteamusercontentaakamaihdnetugc171481485139409225925ED972413ED8832D53D2D636EC34B29A0E2AD20D.png,httpssteamusercontentaakamaihdnetugc16276969961787138688898B3C0151A03AFBF84E44CEADE9DA7A12465F12.png,https://steamusercontent-a.akamaihd.net/ugc/17148148513940922592/5ED972413ED8832D53D2D636EC34B29A0E2AD20D/,
DeckCustom#6b8015,18013,1,180,1,2,10x7,,,,,,httpssteamusercontentaakamaihdnetugc171481485139409225925ED972413ED8832D53D2D636EC34B29A0E2AD20D.png,httpssteamusercontentaakamaihdnetugc16276969961787138688898B3C0151A03AFBF84E44CEADE9DA7A12465F12.png,https://steamusercontent-a.akamaihd.net/ugc/17148148513940922592/5ED972413ED8832D53D2D636EC34B29A0E2AD20D/,
DeckCustom#6b8015,18014,1,180,1,3,10x7,,,,,,httpssteamusercontentaakamaihdnetugc171481485139409225925ED972413ED8832D53D2D636EC34B29A0E2AD20D.png,httpssteamusercontentaakamaihdnetugc16276969961787138688898B3C0151A03AFBF84E44CEADE9DA7A12465F12.png,https://steamusercontent-a.akamaihd.net/ugc/17148148513940922592/5ED972413ED8832D53D2D636EC34B29A0E2AD20D/,
DeckCustom#6b8015,18015,1,180,1,4,10x7,,,,,,httpssteamusercontentaakamaihdnetugc171481485139409225925ED972413ED8832D53D2D636EC34B29A0E2AD20D.png,httpssteamusercontentaakamaihdnetugc16276969961787138688898B3C0151A03AFBF84E44CEADE9DA7A12465F12.png,https://steamusercontent-a.akamaihd.net/ugc/17148148513940922592/5ED972413ED8832D53D2D636EC34B29A0E2AD20D/,
DeckCustom#6b8015,18016,1,180,1,5,10x7,,,,,,httpssteamusercontentaakamaihdnetugc171481485139409225925ED972413ED8832D53D2D636EC34B29A0E2AD20D.png,httpssteamusercontentaakamaihdnetugc16276969961787138688898B3C0151A03AFBF84E44CEADE9DA7A12465F12.png,https://steamusercontent-a.akamaihd.net/ugc/17148148513940922592/5ED972413ED8832D53D2D636EC34B29A0E2AD20D/,
DeckCustom#6b8015,18017,1,180,1,6,10x7,,,,,,httpssteamusercontentaakamaihdnetugc171481485139409225925ED972413ED8832D53D2D636EC34B29A0E2AD20D.png,httpssteamusercontentaakamaihdnetugc16276969961787138688898B3C0151A03AFBF84E44CEADE9DA7A12465F12.png,https://steamusercontent-a.akamaihd.net/ugc/17148148513940922592/5ED972413ED8832D53D2D636EC34B29A0E2AD20D/,
DeckCustom#6b8015,18018,1,180,1,7,10x7,,,,,,httpssteamusercontentaakamaihdnetugc171481485139409225925ED972413ED8832D53D2D636EC34B29A0E2AD20D.png,httpssteamusercontentaakamaihdnetugc16276969961787138688898B3C0151A03AFBF84E44CEADE9DA7A12465F12.png,https://steamusercontent-a.akamaihd.net/ugc/17148148513940922592/5ED972413ED8832D53D2D636EC34B29A0E2AD20D/,
DeckCustom#6b8015,18019,1,180,1,8,10x7,,,,,,httpssteamusercontentaakamaihdnetugc171481485139409225925ED972413ED8832D53D2D636EC34B29A0E2AD20D.png,httpssteamusercontentaakamaihdnetugc16276969961787138688898B3C0151A03AFBF84E44CEADE9DA7A12465F12.png,https://steamusercontent-a.akamaihd.net/ugc/17148148513940922592/5ED972413ED8832D53D2D636EC34B29A0E2AD20D/,
DeckCustom#6b8015,18020,1,180,1,9,10x7,,,,,,httpssteamusercontentaakamaihdnetugc171481485139409225925ED972413ED8832D53D2D636EC34B29A0E2AD20D.png,httpssteamusercontentaakamaihdnetugc16276969961787138688898B3C0151A03AFBF84E44CEADE9DA7A12465F12.png,https://steamusercontent-a.akamaihd.net/ugc/17148148513940922592/5ED972413ED8832D53D2D636EC34B29A0E2AD20D/,
DeckCustom#6b8015,18021,1,180,2,0,10x7,,,,,,httpssteamusercontentaakamaihdnetugc171481485139409225925ED972413ED8832D53D2D636EC34B29A0E2AD20D.png,httpssteamusercontentaakamaihdnetugc16276969961787138688898B3C0151A03AFBF84E44CEADE9DA7A12465F12.png,https://steamusercontent-a.akamaihd.net/ugc/17148148513940922592/5ED972413ED8832D53D2D636EC34B29A0E2AD20D/,
DeckCustom#e16201,18300,1,183,-1,-1,10x7,,,,,,httpssteamusercontentaakamaihdnetugc1693208534870025369353A4C004F7C74CA54FDF65189BE31CB980806C15.png,httpssteamusercontentaakamaihdnetugc1486854196667170313476D8980B09BEF05832B9E4FDDB67DC017CB50D3C.png,https://steamusercontent-a.akamaihd.net/ugc/16932085348700253693/53A4C004F7C74CA54FDF65189BE31CB980806C15/,
DeckCustom#e16201,18301,1,183,0,0,10x7,,,,,,httpssteamusercontentaakamaihdnetugc1693208534870025369353A4C004F7C74CA54FDF65189BE31CB980806C15.png,httpssteamusercontentaakamaihdnetugc1486854196667170313476D8980B09BEF05832B9E4FDDB67DC017CB50D3C.png,https://steamusercontent-a.akamaihd.net/ugc/16932085348700253693/53A4C004F7C74CA54FDF65189BE31CB980806C15/,
DeckCustom#e16201,18302,1,183,0,1,10x7,,,,,,httpssteamusercontentaakamaihdnetugc1693208534870025369353A4C004F7C74CA54FDF65189BE31CB980806C15.png,httpssteamusercontentaakamaihdnetugc1486854196667170313476D8980B09BEF05832B9E4FDDB67DC017CB50D3C.png,https://steamusercontent-a.akamaihd.net/ugc/16932085348700253693/53A4C004F7C74CA54FDF65189BE31CB980806C15/,
DeckCustom#e16201,18303,1,183,0,2,10x7,,,,,,httpssteamusercontentaakamaihdnetugc1693208534870025369353A4C004F7C74CA54FDF65189BE31CB980806C15.png,httpssteamusercontentaakamaihdnetugc1486854196667170313476D8980B09BEF05832B9E4FDDB67DC017CB50D3C.png,https://steamusercontent-a.akamaihd.net/ugc/16932085348700253693/53A4C004F7C74CA54FDF65189BE31CB980806C15/,
DeckCustom#e16201,18304,1,183,0,3,10x7,,,,,,httpssteamusercontentaakamaihdnetugc1693208534870025369353A4C004F7C74CA54FDF65189BE31CB980806C15.png,httpssteamusercontentaakamaihdnetugc1486854196667170313476D8980B09BEF05832B9E4FDDB67DC017CB50D3C.png,https://steamusercontent-a.akamaihd.net/ugc/16932085348700253693/53A4C004F7C74CA54FDF65189BE31CB980806C15/,
DeckCustom#e16201,18305,1,183,0,4,10x7,,,,,,httpssteamusercontentaakamaihdnetugc1693208534870025369353A4C004F7C74CA54FDF65189BE31CB980806C15.png,httpssteamusercontentaakamaihdnetugc1486854196667170313476D8980B09BEF05832B9E4FDDB67DC017CB50D3C.png,https://steamusercontent-a.akamaihd.net/ugc/16932085348700253693/53A4C004F7C74CA54FDF65189BE31CB980806C15/,
DeckCustom#e16201,18306,1,183,0,5,10x7,,,,,,httpssteamusercontentaakamaihdnetugc1693208534870025369353A4C004F7C74CA54FDF65189BE31CB980806C15.png,httpssteamusercontentaakamaihdnetugc1486854196667170313476D8980B09BEF05832B9E4FDDB67DC017CB50D3C.png,https://steamusercontent-a.akamaihd.net/ugc/16932085348700253693/53A4C004F7C74CA54FDF65189BE31CB980806C15/,
DeckCustom#e16201,18307,1,183,0,6,10x7,,,,,,httpssteamusercontentaakamaihdnetugc1693208534870025369353A4C004F7C74CA54FDF65189BE31CB980806C15.png,httpssteamusercontentaakamaihdnetugc1486854196667170313476D8980B09BEF05832B9E4FDDB67DC017CB50D3C.png,https://steamusercontent-a.akamaihd.net/ugc/16932085348700253693/53A4C004F7C74CA54FDF65189BE31CB980806C15/,
DeckCustom#e16201,18308,1,183,0,7,10x7,,,,,,httpssteamusercontentaakamaihdnetugc1693208534870025369353A4C004F7C74CA54FDF65189BE31CB980806C15.png,httpssteamusercontentaakamaihdnetugc1486854196667170313476D8980B09BEF05832B9E4FDDB67DC017CB50D3C.png,https://steamusercontent-a.akamaihd.net/ugc/16932085348700253693/53A4C004F7C74CA54FDF65189BE31CB980806C15/,
DeckCustom#e16201,18309,1,183,0,8,10x7,,,,,,httpssteamusercontentaakamaihdnetugc1693208534870025369353A4C004F7C74CA54FDF65189BE31CB980806C15.png,httpssteamusercontentaakamaihdnetugc1486854196667170313476D8980B09BEF05832B9E4FDDB67DC017CB50D3C.png,https://steamusercontent-a.akamaihd.net/ugc/16932085348700253693/53A4C004F7C74CA54FDF65189BE31CB980806C15/,
DeckCustom#e16201,18310,1,183,0,9,10x7,,,,,,httpssteamusercontentaakamaihdnetugc1693208534870025369353A4C004F7C74CA54FDF65189BE31CB980806C15.png,httpssteamusercontentaakamaihdnetugc1486854196667170313476D8980B09BEF05832B9E4FDDB67DC017CB50D3C.png,https://steamusercontent-a.akamaihd.net/ugc/16932085348700253693/53A4C004F7C74CA54FDF65189BE31CB980806C15/,
DeckCustom#e16201,18311,1,183,1,0,10x7,,,,,,httpssteamusercontentaakamaihdnetugc1693208534870025369353A4C004F7C74CA54FDF65189BE31CB980806C15.png,httpssteamusercontentaakamaihdnetugc1486854196667170313476D8980B09BEF05832B9E4FDDB67DC017CB50D3C.png,https://steamusercontent-a.akamaihd.net/ugc/16932085348700253693/53A4C004F7C74CA54FDF65189BE31CB980806C15/,
DeckCustom#e16201,18312,1,183,1,1,10x7,,,,,,httpssteamusercontentaakamaihdnetugc1693208534870025369353A4C004F7C74CA54FDF65189BE31CB980806C15.png,httpssteamusercontentaakamaihdnetugc1486854196667170313476D8980B09BEF05832B9E4FDDB67DC017CB50D3C.png,https://steamusercontent-a.akamaihd.net/ugc/16932085348700253693/53A4C004F7C74CA54FDF65189BE31CB980806C15/,
DeckCustom#e16201,18313,1,183,1,2,10x7,,,,,,httpssteamusercontentaakamaihdnetugc1693208534870025369353A4C004F7C74CA54FDF65189BE31CB980806C15.png,httpssteamusercontentaakamaihdnetugc1486854196667170313476D8980B09BEF05832B9E4FDDB67DC017CB50D3C.png,https://steamusercontent-a.akamaihd.net/ugc/16932085348700253693/53A4C004F7C74CA54FDF65189BE31CB980806C15/,
DeckCustom#e16201,18314,1,183,1,3,10x7,,,,,,httpssteamusercontentaakamaihdnetugc1693208534870025369353A4C004F7C74CA54FDF65189BE31CB980806C15.png,httpssteamusercontentaakamaihdnetugc1486854196667170313476D8980B09BEF05832B9E4FDDB67DC017CB50D3C.png,https://steamusercontent-a.akamaihd.net/ugc/16932085348700253693/53A4C004F7C74CA54FDF65189BE31CB980806C15/,
DeckCustom#e16201,18315,1,183,1,4,10x7,,,,,,httpssteamusercontentaakamaihdnetugc1693208534870025369353A4C004F7C74CA54FDF65189BE31CB980806C15.png,httpssteamusercontentaakamaihdnetugc1486854196667170313476D8980B09BEF05832B9E4FDDB67DC017CB50D3C.png,https://steamusercontent-a.akamaihd.net/ugc/16932085348700253693/53A4C004F7C74CA54FDF65189BE31CB980806C15/,
DeckCustom#e16201,18316,1,183,1,5,10x7,,,,,,httpssteamusercontentaakamaihdnetugc1693208534870025369353A4C004F7C74CA54FDF65189BE31CB980806C15.png,httpssteamusercontentaakamaihdnetugc1486854196667170313476D8980B09BEF05832B9E4FDDB67DC017CB50D3C.png,https://steamusercontent-a.akamaihd.net/ugc/16932085348700253693/53A4C004F7C74CA54FDF65189BE31CB980806C15/,
DeckCustom#e16201,18317,1,183,1,6,10x7,,,,,,httpssteamusercontentaakamaihdnetugc1693208534870025369353A4C004F7C74CA54FDF65189BE31CB980806C15.png,httpssteamusercontentaakamaihdnetugc1486854196667170313476D8980B09BEF05832B9E4FDDB67DC017CB50D3C.png,https://steamusercontent-a.akamaihd.net/ugc/16932085348700253693/53A4C004F7C74CA54FDF65189BE31CB980806C15/,
DeckCustom#e16201,18318,1,183,1,7,10x7,,,,,,httpssteamusercontentaakamaihdnetugc1693208534870025369353A4C004F7C74CA54FDF65189BE31CB980806C15.png,httpssteamusercontentaakamaihdnetugc1486854196667170313476D8980B09BEF05832B9E4FDDB67DC017CB50D3C.png,https://steamusercontent-a.akamaihd.net/ugc/16932085348700253693/53A4C004F7C74CA54FDF65189BE31CB980806C15/,
DeckCustom#e16201,18319,1,183,1,8,10x7,,,,,,httpssteamusercontentaakamaihdnetugc1693208534870025369353A4C004F7C74CA54FDF65189BE31CB980806C15.png,httpssteamusercontentaakamaihdnetugc1486854196667170313476D8980B09BEF05832B9E4FDDB67DC017CB50D3C.png,https://steamusercontent-a.akamaihd.net/ugc/16932085348700253693/53A4C004F7C74CA54FDF65189BE31CB980806C15/,
DeckCustom#6e177c,18400,1,184,-1,-1,10x7,,,,,,httpssteamusercontentaakamaihdnetugc14750579919931740755860B38740A1F1BA7DD384F7437B7D8754D50D23E.png,httpssteamusercontentaakamaihdnetugc155858579531653315709E20779E0EF8D28A60070166166F88209670D76F.png,https://steamusercontent-a.akamaihd.net/ugc/14750579919931740755/860B38740A1F1BA7DD384F7437B7D8754D50D23E/,
DeckCustom#6e177c,18401,1,184,0,0,10x7,,,,,,httpssteamusercontentaakamaihdnetugc14750579919931740755860B38740A1F1BA7DD384F7437B7D8754D50D23E.png,httpssteamusercontentaakamaihdnetugc155858579531653315709E20779E0EF8D28A60070166166F88209670D76F.png,https://steamusercontent-a.akamaihd.net/ugc/14750579919931740755/860B38740A1F1BA7DD384F7437B7D8754D50D23E/,
DeckCustom#6e177c,18402,1,184,0,1,10x7,,,,,,httpssteamusercontentaakamaihdnetugc14750579919931740755860B38740A1F1BA7DD384F7437B7D8754D50D23E.png,httpssteamusercontentaakamaihdnetugc155858579531653315709E20779E0EF8D28A60070166166F88209670D76F.png,https://steamusercontent-a.akamaihd.net/ugc/14750579919931740755/860B38740A1F1BA7DD384F7437B7D8754D50D23E/,
DeckCustom#6e177c,18403,1,184,0,2,10x7,,,,,,httpssteamusercontentaakamaihdnetugc14750579919931740755860B38740A1F1BA7DD384F7437B7D8754D50D23E.png,httpssteamusercontentaakamaihdnetugc155858579531653315709E20779E0EF8D28A60070166166F88209670D76F.png,https://steamusercontent-a.akamaihd.net/ugc/14750579919931740755/860B38740A1F1BA7DD384F7437B7D8754D50D23E/,
DeckCustom#6e177c,18404,1,184,0,3,10x7,,,,,,httpssteamusercontentaakamaihdnetugc14750579919931740755860B38740A1F1BA7DD384F7437B7D8754D50D23E.png,httpssteamusercontentaakamaihdnetugc155858579531653315709E20779E0EF8D28A60070166166F88209670D76F.png,https://steamusercontent-a.akamaihd.net/ugc/14750579919931740755/860B38740A1F1BA7DD384F7437B7D8754D50D23E/,
DeckCustom#6e177c,18405,1,184,0,4,10x7,,,,,,httpssteamusercontentaakamaihdnetugc14750579919931740755860B38740A1F1BA7DD384F7437B7D8754D50D23E.png,httpssteamusercontentaakamaihdnetugc155858579531653315709E20779E0EF8D28A60070166166F88209670D76F.png,https://steamusercontent-a.akamaihd.net/ugc/14750579919931740755/860B38740A1F1BA7DD384F7437B7D8754D50D23E/,
DeckCustom#6e177c,18406,1,184,0,5,10x7,,,,,,httpssteamusercontentaakamaihdnetugc14750579919931740755860B38740A1F1BA7DD384F7437B7D8754D50D23E.png,httpssteamusercontentaakamaihdnetugc155858579531653315709E20779E0EF8D28A60070166166F88209670D76F.png,https://steamusercontent-a.akamaihd.net/ugc/14750579919931740755/860B38740A1F1BA7DD384F7437B7D8754D50D23E/,
DeckCustom#6e177c,18407,1,184,0,6,10x7,,,,,,httpssteamusercontentaakamaihdnetugc14750579919931740755860B38740A1F1BA7DD384F7437B7D8754D50D23E.png,httpssteamusercontentaakamaihdnetugc155858579531653315709E20779E0EF8D28A60070166166F88209670D76F.png,https://steamusercontent-a.akamaihd.net/ugc/14750579919931740755/860B38740A1F1BA7DD384F7437B7D8754D50D23E/,
DeckCustom#6e177c,18408,1,184,0,7,10x7,,,,,,httpssteamusercontentaakamaihdnetugc14750579919931740755860B38740A1F1BA7DD384F7437B7D8754D50D23E.png,httpssteamusercontentaakamaihdnetugc155858579531653315709E20779E0EF8D28A60070166166F88209670D76F.png,https://steamusercontent-a.akamaihd.net/ugc/14750579919931740755/860B38740A1F1BA7DD384F7437B7D8754D50D23E/,
DeckCustom#6e177c,18409,1,184,0,8,10x7,,,,,,httpssteamusercontentaakamaihdnetugc14750579919931740755860B38740A1F1BA7DD384F7437B7D8754D50D23E.png,httpssteamusercontentaakamaihdnetugc155858579531653315709E20779E0EF8D28A60070166166F88209670D76F.png,https://steamusercontent-a.akamaihd.net/ugc/14750579919931740755/860B38740A1F1BA7DD384F7437B7D8754D50D23E/,
DeckCustom#6e177c,18410,1,184,0,9,10x7,,,,,,httpssteamusercontentaakamaihdnetugc14750579919931740755860B38740A1F1BA7DD384F7437B7D8754D50D23E.png,httpssteamusercontentaakamaihdnetugc155858579531653315709E20779E0EF8D28A60070166166F88209670D76F.png,https://steamusercontent-a.akamaihd.net/ugc/14750579919931740755/860B38740A1F1BA7DD384F7437B7D8754D50D23E/,
DeckCustom#6e177c,18411,1,184,1,0,10x7,,,,,,httpssteamusercontentaakamaihdnetugc14750579919931740755860B38740A1F1BA7DD384F7437B7D8754D50D23E.png,httpssteamusercontentaakamaihdnetugc155858579531653315709E20779E0EF8D28A60070166166F88209670D76F.png,https://steamusercontent-a.akamaihd.net/ugc/14750579919931740755/860B38740A1F1BA7DD384F7437B7D8754D50D23E/,
DeckCustom#6e177c,18412,1,184,1,1,10x7,,,,,,httpssteamusercontentaakamaihdnetugc14750579919931740755860B38740A1F1BA7DD384F7437B7D8754D50D23E.png,httpssteamusercontentaakamaihdnetugc155858579531653315709E20779E0EF8D28A60070166166F88209670D76F.png,https://steamusercontent-a.akamaihd.net/ugc/14750579919931740755/860B38740A1F1BA7DD384F7437B7D8754D50D23E/,
DeckCustom#6e177c,18413,1,184,1,2,10x7,,,,,,httpssteamusercontentaakamaihdnetugc14750579919931740755860B38740A1F1BA7DD384F7437B7D8754D50D23E.png,httpssteamusercontentaakamaihdnetugc155858579531653315709E20779E0EF8D28A60070166166F88209670D76F.png,https://steamusercontent-a.akamaihd.net/ugc/14750579919931740755/860B38740A1F1BA7DD384F7437B7D8754D50D23E/,
DeckCustom#6e177c,18414,1,184,1,3,10x7,,,,,,httpssteamusercontentaakamaihdnetugc14750579919931740755860B38740A1F1BA7DD384F7437B7D8754D50D23E.png,httpssteamusercontentaakamaihdnetugc155858579531653315709E20779E0EF8D28A60070166166F88209670D76F.png,https://steamusercontent-a.akamaihd.net/ugc/14750579919931740755/860B38740A1F1BA7DD384F7437B7D8754D50D23E/,
DeckCustom#6e177c,18415,1,184,1,4,10x7,,,,,,httpssteamusercontentaakamaihdnetugc14750579919931740755860B38740A1F1BA7DD384F7437B7D8754D50D23E.png,httpssteamusercontentaakamaihdnetugc155858579531653315709E20779E0EF8D28A60070166166F88209670D76F.png,https://steamusercontent-a.akamaihd.net/ugc/14750579919931740755/860B38740A1F1BA7DD384F7437B7D8754D50D23E/,
DeckCustom#6e177c,18416,1,184,1,5,10x7,,,,,,httpssteamusercontentaakamaihdnetugc14750579919931740755860B38740A1F1BA7DD384F7437B7D8754D50D23E.png,httpssteamusercontentaakamaihdnetugc155858579531653315709E20779E0EF8D28A60070166166F88209670D76F.png,https://steamusercontent-a.akamaihd.net/ugc/14750579919931740755/860B38740A1F1BA7DD384F7437B7D8754D50D23E/,
DeckCustom#6e177c,18417,1,184,1,6,10x7,,,,,,httpssteamusercontentaakamaihdnetugc14750579919931740755860B38740A1F1BA7DD384F7437B7D8754D50D23E.png,httpssteamusercontentaakamaihdnetugc155858579531653315709E20779E0EF8D28A60070166166F88209670D76F.png,https://steamusercontent-a.akamaihd.net/ugc/14750579919931740755/860B38740A1F1BA7DD384F7437B7D8754D50D23E/,
DeckCustom#6e177c,18418,1,184,1,7,10x7,,,,,,httpssteamusercontentaakamaihdnetugc14750579919931740755860B38740A1F1BA7DD384F7437B7D8754D50D23E.png,httpssteamusercontentaakamaihdnetugc155858579531653315709E20779E0EF8D28A60070166166F88209670D76F.png,https://steamusercontent-a.akamaihd.net/ugc/14750579919931740755/860B38740A1F1BA7DD384F7437B7D8754D50D23E/,
DeckCustom#6e177c,18419,1,184,1,8,10x7,,,,,,httpssteamusercontentaakamaihdnetugc14750579919931740755860B38740A1F1BA7DD384F7437B7D8754D50D23E.png,httpssteamusercontentaakamaihdnetugc155858579531653315709E20779E0EF8D28A60070166166F88209670D76F.png,https://steamusercontent-a.akamaihd.net/ugc/14750579919931740755/860B38740A1F1BA7DD384F7437B7D8754D50D23E/,
DeckCustom#6e177c,18420,1,184,1,9,10x7,,,,,,httpssteamusercontentaakamaihdnetugc14750579919931740755860B38740A1F1BA7DD384F7437B7D8754D50D23E.png,httpssteamusercontentaakamaihdnetugc155858579531653315709E20779E0EF8D28A60070166166F88209670D76F.png,https://steamusercontent-a.akamaihd.net/ugc/14750579919931740755/860B38740A1F1BA7DD384F7437B7D8754D50D23E/,
DeckCustom#6e177c,18421,1,184,2,0,10x7,,,,,,httpssteamusercontentaakamaihdnetugc14750579919931740755860B38740A1F1BA7DD384F7437B7D8754D50D23E.png,httpssteamusercontentaakamaihdnetugc155858579531653315709E20779E0EF8D28A60070166166F88209670D76F.png,https://steamusercontent-a.akamaihd.net/ugc/14750579919931740755/860B38740A1F1BA7DD384F7437B7D8754D50D23E/,
Deck#6537e1,6600,1,66,-1,-1,10x7,,,,,,httpssteamusercontentaakamaihdnetugc182057023997538563586D0DBA7C0C99DF42A42D2D6ADC7CA57321BF37A7.png,httpssteamusercontentaakamaihdnetugc966032948549511821579706F5440BE039382383ECA3B64296585B2B4C1.png,https://steamusercontent-a.akamaihd.net/ugc/18205702399753856358/6D0DBA7C0C99DF42A42D2D6ADC7CA57321BF37A7/,
Deck#6537e1,6601,1,66,0,0,10x7,,,,,,httpssteamusercontentaakamaihdnetugc182057023997538563586D0DBA7C0C99DF42A42D2D6ADC7CA57321BF37A7.png,httpssteamusercontentaakamaihdnetugc966032948549511821579706F5440BE039382383ECA3B64296585B2B4C1.png,https://steamusercontent-a.akamaihd.net/ugc/18205702399753856358/6D0DBA7C0C99DF42A42D2D6ADC7CA57321BF37A7/,
Deck#9671c4,6700,1,67,-1,-1,10x7,,,,,,httpssteamusercontentaakamaihdnetugc96944085804190026792C0832EF5DEC741C5CFC18CD5FB3EA73467EF050.png,httpssteamusercontentaakamaihdnetugc1754285716724457375106457EC0D17D4EDC5C12BBD3330F215502313D99.png,https://steamusercontent-a.akamaihd.net/ugc/9694408580419002679/2C0832EF5DEC741C5CFC18CD5FB3EA73467EF050/,
Deck#9671c4,6701,1,67,0,0,10x7,,,,,,httpssteamusercontentaakamaihdnetugc96944085804190026792C0832EF5DEC741C5CFC18CD5FB3EA73467EF050.png,httpssteamusercontentaakamaihdnetugc1754285716724457375106457EC0D17D4EDC5C12BBD3330F215502313D99.png,https://steamusercontent-a.akamaihd.net/ugc/9694408580419002679/2C0832EF5DEC741C5CFC18CD5FB3EA73467EF050/,
Deck#5adc94,7900,1,79,-1,-1,10x7,,,,,,httpssteamusercontentaakamaihdnetugc12197591967814661862DE1E3F18224FD91153EF0DA1D0654FC6479CB0F4.png,httpssteamusercontentaakamaihdnetugc13257287814674214894A8B620529EAB9437DCF00B895F3368FF0AB2FBD6.png,https://steamusercontent-a.akamaihd.net/ugc/12197591967814661862/DE1E3F18224FD91153EF0DA1D0654FC6479CB0F4/,
Deck#5adc94,7901,1,79,0,0,10x7,,,,,,httpssteamusercontentaakamaihdnetugc12197591967814661862DE1E3F18224FD91153EF0DA1D0654FC6479CB0F4.png,httpssteamusercontentaakamaihdnetugc13257287814674214894A8B620529EAB9437DCF00B895F3368FF0AB2FBD6.png,https://steamusercontent-a.akamaihd.net/ugc/12197591967814661862/DE1E3F18224FD91153EF0DA1D0654FC6479CB0F4/,
Deck#5adc94,7902,1,79,0,1,10x7,,,,,,httpssteamusercontentaakamaihdnetugc12197591967814661862DE1E3F18224FD91153EF0DA1D0654FC6479CB0F4.png,httpssteamusercontentaakamaihdnetugc13257287814674214894A8B620529EAB9437DCF00B895F3368FF0AB2FBD6.png,https://steamusercontent-a.akamaihd.net/ugc/12197591967814661862/DE1E3F18224FD91153EF0DA1D0654FC6479CB0F4/,
Deck#5adc94,7903,1,79,0,2,10x7,,,,,,httpssteamusercontentaakamaihdnetugc12197591967814661862DE1E3F18224FD91153EF0DA1D0654FC6479CB0F4.png,httpssteamusercontentaakamaihdnetugc13257287814674214894A8B620529EAB9437DCF00B895F3368FF0AB2FBD6.png,https://steamusercontent-a.akamaihd.net/ugc/12197591967814661862/DE1E3F18224FD91153EF0DA1D0654FC6479CB0F4/,
Deck#5adc94,7904,1,79,0,3,10x7,,,,,,httpssteamusercontentaakamaihdnetugc12197591967814661862DE1E3F18224FD91153EF0DA1D0654FC6479CB0F4.png,httpssteamusercontentaakamaihdnetugc13257287814674214894A8B620529EAB9437DCF00B895F3368FF0AB2FBD6.png,https://steamusercontent-a.akamaihd.net/ugc/12197591967814661862/DE1E3F18224FD91153EF0DA1D0654FC6479CB0F4/,
Deck#5adc94,7905,1,79,0,4,10x7,,,,,,httpssteamusercontentaakamaihdnetugc12197591967814661862DE1E3F18224FD91153EF0DA1D0654FC6479CB0F4.png,httpssteamusercontentaakamaihdnetugc13257287814674214894A8B620529EAB9437DCF00B895F3368FF0AB2FBD6.png,https://steamusercontent-a.akamaihd.net/ugc/12197591967814661862/DE1E3F18224FD91153EF0DA1D0654FC6479CB0F4/,
Deck#5e3928,8600,1,86,-1,-1,10x7,,,,,,httpssteamusercontentaakamaihdnetugc140504624320957281505385A3218C6F7CD35460E6FEB15677AC9A77CA93.png,httpssteamusercontentaakamaihdnetugc13257287814674214894A8B620529EAB9437DCF00B895F3368FF0AB2FBD6.png,https://steamusercontent-a.akamaihd.net/ugc/14050462432095728150/5385A3218C6F7CD35460E6FEB15677AC9A77CA93/,
Deck#5e3928,8601,1,86,0,0,10x7,,,,,,httpssteamusercontentaakamaihdnetugc140504624320957281505385A3218C6F7CD35460E6FEB15677AC9A77CA93.png,httpssteamusercontentaakamaihdnetugc13257287814674214894A8B620529EAB9437DCF00B895F3368FF0AB2FBD6.png,https://steamusercontent-a.akamaihd.net/ugc/14050462432095728150/5385A3218C6F7CD35460E6FEB15677AC9A77CA93/,